payment_id,amount,currency,payment_method,attempt_number,failure_category,revenue_at_risk,previous_attempts,customer_history,recent_failure_rate,recommended_action,actual_outcome,recovered_amount
pay_SYN_0522,25000,INR,card,3,BANK_TIMEOUT,25000,2,good,0.38,HUMAN_REVIEW,recovered,25000
pay_SYN_0738,25000,INR,netbanking,2,TEMPORARY_FAILURE,25000,1,average,0.11,CONTROLLED_RETRY,recovered,25000
pay_SYN_0741,100000,INR,netbanking,2,BANK_TIMEOUT,100000,1,poor,0.55,RETRY_LATER,not_recovered,0
pay_SYN_0661,25000,INR,wallet,2,UNKNOWN,25000,1,good,0.61,HUMAN_REVIEW,not_recovered,0
pay_SYN_0412,5000000,INR,netbanking,1,BANK_TIMEOUT,5000000,0,average,0.6,HUMAN_REVIEW,recovered,5000000
pay_SYN_0679,500000,INR,card,3,CUSTOMER_ACTION_REQUIRED,500000,2,poor,0.48,CUSTOMER_ACTION,not_recovered,0
pay_SYN_0627,50000,INR,wallet,3,UNKNOWN,50000,2,good,0.7,HUMAN_REVIEW,not_recovered,0
pay_SYN_0514,500000,INR,card,3,TEMPORARY_FAILURE,500000,2,poor,0.15,HUMAN_REVIEW,not_recovered,0
pay_SYN_0860,5000000,INR,card,3,PERMANENT_FAILURE,5000000,2,poor,0.21,DO_NOT_RETRY,not_recovered,0
pay_SYN_0137,10000,INR,netbanking,1,TEMPORARY_FAILURE,10000,0,poor,0.29,CONTROLLED_RETRY,recovered,10000
pay_SYN_0812,5000000,INR,wallet,3,BANK_TIMEOUT,5000000,2,unknown,0.08,HUMAN_REVIEW,recovered,5000000
pay_SYN_0077,50000,INR,wallet,2,CUSTOMER_ACTION_REQUIRED,50000,1,good,0.07,CUSTOMER_ACTION,not_recovered,0
pay_SYN_0637,10000,INR,wallet,3,CUSTOMER_ACTION_REQUIRED,10000,2,good,0.3,CUSTOMER_ACTION,not_recovered,0
pay_SYN_0974,5000000,INR,wallet,2,TEMPORARY_FAILURE,5000000,1,good,0.1,CONTROLLED_RETRY,not_recovered,0
pay_SYN_0939,25000,INR,netbanking,2,BANK_TIMEOUT,25000,1,poor,0.05,RETRY_LATER,not_recovered,0
pay_SYN_0900,5000000,INR,card,2,TEMPORARY_FAILURE,5000000,1,average,0.71,CONTROLLED_RETRY,not_recovered,0
pay_SYN_0281,5000000,INR,card,3,TEMPORARY_FAILURE,5000000,2,poor,0.23,HUMAN_REVIEW,not_recovered,0
pay_SYN_0884,1000000,INR,netbanking,2,BANK_TIMEOUT,1000000,1,good,0.01,HUMAN_REVIEW,recovered,1000000
pay_SYN_0762,50000,INR,netbanking,3,BANK_TIMEOUT,50000,2,poor,0.48,HUMAN_REVIEW,not_recovered,0
pay_SYN_0320,100000,INR,card,1,PERMANENT_FAILURE,100000,0,unknown,0.73,DO_NOT_RETRY,not_recovered,0
pay_SYN_0550,50000,INR,card,1,UNKNOWN,50000,0,unknown,0.35,HUMAN_REVIEW,recovered,50000
pay_SYN_0175,250000,INR,wallet,1,TEMPORARY_FAILURE,250000,0,average,0.12,CONTROLLED_RETRY,recovered,250000
pay_SYN_0372,5000000,INR,card,1,BANK_TIMEOUT,5000000,0,good,0.02,HUMAN_REVIEW,recovered,5000000
pay_SYN_0528,1000000,INR,netbanking,1,BANK_TIMEOUT,1000000,0,poor,0.76,HUMAN_REVIEW,not_recovered,0
pay_SYN_0211,100000,INR,card,3,CUSTOMER_ACTION_REQUIRED,100000,2,unknown,0.19,CUSTOMER_ACTION,not_recovered,0
pay_SYN_0236,500000,INR,wallet,2,UNKNOWN,500000,1,good,0.06,HUMAN_REVIEW,not_recovered,0
pay_SYN_0102,10000,INR,card,2,UNKNOWN,10000,1,good,0.66,HUMAN_REVIEW,not_recovered,0
pay_SYN_0987,25000,INR,card,1,BANK_TIMEOUT,25000,0,good,0.43,RETRY_LATER,recovered,25000
pay_SYN_0903,100000,INR,netbanking,3,TEMPORARY_FAILURE,100000,2,average,0.71,HUMAN_REVIEW,not_recovered,0
pay_SYN_0948,500000,INR,card,2,CUSTOMER_ACTION_REQUIRED,500000,1,good,0.23,CUSTOMER_ACTION,not_recovered,0
pay_SYN_0347,10000,INR,netbanking,1,TEMPORARY_FAILURE,10000,0,poor,0.48,CONTROLLED_RETRY,not_recovered,0
pay_SYN_0140,5000000,INR,card,2,CUSTOMER_ACTION_REQUIRED,5000000,1,poor,0.54,CUSTOMER_ACTION,recovered,5000000
pay_SYN_0622,5000000,INR,card,1,PERMANENT_FAILURE,5000000,0,average,0.35,DO_NOT_RETRY,not_recovered,0
pay_SYN_0500,25000,INR,netbanking,3,BANK_TIMEOUT,25000,2,unknown,0.62,HUMAN_REVIEW,recovered,25000
pay_SYN_0371,500000,INR,card,1,TEMPORARY_FAILURE,500000,0,unknown,0.28,CONTROLLED_RETRY,recovered,500000
pay_SYN_0199,10000,INR,card,3,UNKNOWN,10000,2,average,0.26,HUMAN_REVIEW,not_recovered,0
pay_SYN_0688,250000,INR,card,1,TEMPORARY_FAILURE,250000,0,good,0.35,CONTROLLED_RETRY,recovered,250000
pay_SYN_0585,250000,INR,card,3,PERMANENT_FAILURE,250000,2,poor,0.06,DO_NOT_RETRY,not_recovered,0
pay_SYN_0902,100000,INR,wallet,2,TEMPORARY_FAILURE,100000,1,poor,0.01,CONTROLLED_RETRY,not_recovered,0
pay_SYN_0060,1000000,INR,wallet,1,PERMANENT_FAILURE,1000000,0,poor,0.32,DO_NOT_RETRY,not_recovered,0
pay_SYN_0329,100000,INR,wallet,2,BANK_TIMEOUT,100000,1,unknown,0.24,RETRY_LATER,recovered,100000
pay_SYN_0097,100000,INR,card,3,BANK_TIMEOUT,100000,2,average,0.15,HUMAN_REVIEW,not_recovered,0
pay_SYN_0313,25000,INR,netbanking,2,PERMANENT_FAILURE,25000,1,good,0.19,DO_NOT_RETRY,not_recovered,0
pay_SYN_0975,100000,INR,wallet,1,UNKNOWN,100000,0,good,0.59,HUMAN_REVIEW,not_recovered,0
pay_SYN_0300,500000,INR,card,2,PERMANENT_FAILURE,500000,1,average,0.61,DO_NOT_RETRY,not_recovered,0
pay_SYN_0278,5000000,INR,wallet,1,TEMPORARY_FAILURE,5000000,0,unknown,0.73,CONTROLLED_RETRY,recovered,5000000
pay_SYN_0925,50000,INR,wallet,3,UNKNOWN,50000,2,poor,0.15,HUMAN_REVIEW,not_recovered,0
pay_SYN_0602,50000,INR,netbanking,3,BANK_TIMEOUT,50000,2,unknown,0.43,HUMAN_REVIEW,not_recovered,0
pay_SYN_0440,1000000,INR,netbanking,1,CUSTOMER_ACTION_REQUIRED,1000000,0,unknown,0.53,CUSTOMER_ACTION,recovered,1000000
pay_SYN_0838,25000,INR,netbanking,3,TEMPORARY_FAILURE,25000,2,good,0.55,HUMAN_REVIEW,not_recovered,0
pay_SYN_0571,250000,INR,wallet,3,TEMPORARY_FAILURE,250000,2,average,0.79,HUMAN_REVIEW,not_recovered,0
pay_SYN_0880,500000,INR,wallet,2,CUSTOMER_ACTION_REQUIRED,500000,1,good,0.78,CUSTOMER_ACTION,not_recovered,0
pay_SYN_0262,100000,INR,netbanking,3,TEMPORARY_FAILURE,100000,2,unknown,0.4,HUMAN_REVIEW,not_recovered,0
pay_SYN_0579,500000,INR,wallet,3,BANK_TIMEOUT,500000,2,poor,0.16,HUMAN_REVIEW,not_recovered,0
pay_SYN_0024,25000,INR,netbanking,2,BANK_TIMEOUT,25000,1,good,0.47,RETRY_LATER,recovered,25000
pay_SYN_0031,5000000,INR,wallet,3,BANK_TIMEOUT,5000000,2,good,0.78,HUMAN_REVIEW,not_recovered,0
pay_SYN_0618,25000,INR,card,1,TEMPORARY_FAILURE,25000,0,average,0.41,CONTROLLED_RETRY,not_recovered,0
pay_SYN_0011,100000,INR,wallet,1,TEMPORARY_FAILURE,100000,0,average,0.66,CONTROLLED_RETRY,not_recovered,0
pay_SYN_0222,5000000,INR,wallet,3,CUSTOMER_ACTION_REQUIRED,5000000,2,average,0.57,CUSTOMER_ACTION,not_recovered,0
pay_SYN_0821,5000000,INR,netbanking,2,CUSTOMER_ACTION_REQUIRED,5000000,1,poor,0.44,CUSTOMER_ACTION,not_recovered,0
pay_SYN_0297,10000,INR,card,3,CUSTOMER_ACTION_REQUIRED,10000,2,average,0.05,CUSTOMER_ACTION,recovered,10000
pay_SYN_0055,250000,INR,netbanking,2,CUSTOMER_ACTION_REQUIRED,250000,1,good,0.09,CUSTOMER_ACTION,not_recovered,0
pay_SYN_0543,250000,INR,card,1,BANK_TIMEOUT,250000,0,good,0.68,RETRY_LATER,recovered,250000
pay_SYN_0210,50000,INR,wallet,1,PERMANENT_FAILURE,50000,0,unknown,0.03,DO_NOT_RETRY,not_recovered,0
pay_SYN_0605,10000,INR,wallet,3,TEMPORARY_FAILURE,10000,2,good,0.23,HUMAN_REVIEW,recovered,10000
pay_SYN_0693,25000,INR,card,3,CUSTOMER_ACTION_REQUIRED,25000,2,poor,0.23,CUSTOMER_ACTION,not_recovered,0
pay_SYN_0663,250000,INR,card,3,BANK_TIMEOUT,250000,2,poor,0.32,HUMAN_REVIEW,not_recovered,0
pay_SYN_0867,25000,INR,wallet,2,BANK_TIMEOUT,25000,1,unknown,0.1,RETRY_LATER,recovered,25000
pay_SYN_0071,100000,INR,card,3,TEMPORARY_FAILURE,100000,2,good,0.11,HUMAN_REVIEW,recovered,100000
pay_SYN_0544,500000,INR,card,1,PERMANENT_FAILURE,500000,0,good,0.01,DO_NOT_RETRY,not_recovered,0
pay_SYN_0108,10000,INR,card,3,TEMPORARY_FAILURE,10000,2,unknown,0.23,HUMAN_REVIEW,recovered,10000
pay_SYN_0494,10000,INR,wallet,3,CUSTOMER_ACTION_REQUIRED,10000,2,unknown,0.09,CUSTOMER_ACTION,recovered,10000
pay_SYN_0591,10000,INR,wallet,2,PERMANENT_FAILURE,10000,1,unknown,0.39,DO_NOT_RETRY,not_recovered,0
pay_SYN_0742,25000,INR,wallet,2,TEMPORARY_FAILURE,25000,1,poor,0.15,CONTROLLED_RETRY,recovered,25000
pay_SYN_0293,250000,INR,wallet,3,BANK_TIMEOUT,250000,2,poor,0.63,HUMAN_REVIEW,not_recovered,0
pay_SYN_0290,5000000,INR,netbanking,2,UNKNOWN,5000000,1,good,0.01,HUMAN_REVIEW,not_recovered,0
pay_SYN_0653,250000,INR,wallet,3,PERMANENT_FAILURE,250000,2,poor,0.56,DO_NOT_RETRY,not_recovered,0
pay_SYN_0040,25000,INR,netbanking,3,TEMPORARY_FAILURE,25000,2,good,0.06,HUMAN_REVIEW,recovered,25000
pay_SYN_0590,500000,INR,card,1,UNKNOWN,500000,0,unknown,0.21,HUMAN_REVIEW,not_recovered,0
pay_SYN_0308,1000000,INR,card,2,UNKNOWN,1000000,1,unknown,0.7,HUMAN_REVIEW,not_recovered,0
pay_SYN_0680,5000000,INR,card,3,PERMANENT_FAILURE,5000000,2,unknown,0.33,DO_NOT_RETRY,not_recovered,0
pay_SYN_0067,5000000,INR,netbanking,1,CUSTOMER_ACTION_REQUIRED,5000000,0,unknown,0.11,CUSTOMER_ACTION,recovered,5000000
pay_SYN_0276,100000,INR,netbanking,2,TEMPORARY_FAILURE,100000,1,average,0.33,CONTROLLED_RETRY,recovered,100000
pay_SYN_0068,500000,INR,card,3,CUSTOMER_ACTION_REQUIRED,500000,2,unknown,0.66,CUSTOMER_ACTION,not_recovered,0
pay_SYN_0319,1000000,INR,card,2,BANK_TIMEOUT,1000000,1,average,0.6,HUMAN_REVIEW,recovered,1000000
pay_SYN_0549,50000,INR,wallet,2,TEMPORARY_FAILURE,50000,1,good,0.69,CONTROLLED_RETRY,not_recovered,0
pay_SYN_0999,250000,INR,card,1,TEMPORARY_FAILURE,250000,0,average,0.68,CONTROLLED_RETRY,recovered,250000
pay_SYN_0715,500000,INR,netbanking,3,BANK_TIMEOUT,500000,2,good,0.04,HUMAN_REVIEW,not_recovered,0
pay_SYN_0754,250000,INR,netbanking,3,UNKNOWN,250000,2,poor,0.65,HUMAN_REVIEW,not_recovered,0
pay_SYN_0328,5000000,INR,card,2,UNKNOWN,5000000,1,poor,0.33,HUMAN_REVIEW,not_recovered,0
pay_SYN_0383,50000,INR,netbanking,2,TEMPORARY_FAILURE,50000,1,good,0.69,CONTROLLED_RETRY,not_recovered,0
pay_SYN_0452,1000000,INR,netbanking,1,TEMPORARY_FAILURE,1000000,0,poor,0.22,CONTROLLED_RETRY,not_recovered,0
pay_SYN_0523,25000,INR,wallet,2,TEMPORARY_FAILURE,25000,1,unknown,0.04,CONTROLLED_RETRY,not_recovered,0
pay_SYN_0219,250000,INR,card,1,CUSTOMER_ACTION_REQUIRED,250000,0,unknown,0.36,CUSTOMER_ACTION,recovered,250000
pay_SYN_0788,500000,INR,netbanking,2,CUSTOMER_ACTION_REQUIRED,500000,1,unknown,0.39,CUSTOMER_ACTION,recovered,500000
pay_SYN_0437,25000,INR,netbanking,1,CUSTOMER_ACTION_REQUIRED,25000,0,unknown,0.39,CUSTOMER_ACTION,recovered,25000
pay_SYN_0765,100000,INR,netbanking,1,BANK_TIMEOUT,100000,0,poor,0.76,RETRY_LATER,recovered,100000
pay_SYN_0089,5000000,INR,card,3,TEMPORARY_FAILURE,5000000,2,poor,0.26,HUMAN_REVIEW,not_recovered,0
pay_SYN_0064,10000,INR,netbanking,2,BANK_TIMEOUT,10000,1,good,0.36,RETRY_LATER,not_recovered,0
pay_SYN_0827,1000000,INR,netbanking,1,PERMANENT_FAILURE,1000000,0,poor,0.72,DO_NOT_RETRY,not_recovered,0
pay_SYN_0717,1000000,INR,wallet,3,TEMPORARY_FAILURE,1000000,2,poor,0.04,HUMAN_REVIEW,not_recovered,0
pay_SYN_0352,5000000,INR,card,1,PERMANENT_FAILURE,5000000,0,average,0.07,DO_NOT_RETRY,not_recovered,0
pay_SYN_0937,500000,INR,card,3,UNKNOWN,500000,2,good,0.17,HUMAN_REVIEW,not_recovered,0
pay_SYN_0257,250000,INR,card,1,BANK_TIMEOUT,250000,0,average,0.35,RETRY_LATER,recovered,250000
pay_SYN_0636,100000,INR,netbanking,3,TEMPORARY_FAILURE,100000,2,unknown,0.21,HUMAN_REVIEW,recovered,100000
pay_SYN_0645,10000,INR,wallet,2,TEMPORARY_FAILURE,10000,1,poor,0.57,CONTROLLED_RETRY,not_recovered,0
pay_SYN_0555,25000,INR,card,2,TEMPORARY_FAILURE,25000,1,poor,0.04,CONTROLLED_RETRY,recovered,25000
pay_SYN_0960,100000,INR,wallet,1,UNKNOWN,100000,0,poor,0.02,HUMAN_REVIEW,not_recovered,0
pay_SYN_0169,250000,INR,card,2,CUSTOMER_ACTION_REQUIRED,250000,1,good,0.63,CUSTOMER_ACTION,recovered,250000
pay_SYN_0918,25000,INR,netbanking,1,TEMPORARY_FAILURE,25000,0,poor,0.77,CONTROLLED_RETRY,recovered,25000
pay_SYN_0529,100000,INR,netbanking,3,CUSTOMER_ACTION_REQUIRED,100000,2,average,0.18,CUSTOMER_ACTION,not_recovered,0
pay_SYN_0824,10000,INR,netbanking,2,CUSTOMER_ACTION_REQUIRED,10000,1,poor,0.31,CUSTOMER_ACTION,not_recovered,0
pay_SYN_0986,500000,INR,netbanking,1,CUSTOMER_ACTION_REQUIRED,500000,0,average,0.52,CUSTOMER_ACTION,not_recovered,0
pay_SYN_0817,25000,INR,card,1,CUSTOMER_ACTION_REQUIRED,25000,0,poor,0.43,CUSTOMER_ACTION,not_recovered,0
pay_SYN_0087,10000,INR,card,1,PERMANENT_FAILURE,10000,0,unknown,0.77,DO_NOT_RETRY,not_recovered,0
pay_SYN_0433,25000,INR,wallet,2,TEMPORARY_FAILURE,25000,1,average,0.23,CONTROLLED_RETRY,not_recovered,0
pay_SYN_0185,10000,INR,netbanking,1,TEMPORARY_FAILURE,10000,0,average,0.61,CONTROLLED_RETRY,recovered,10000
pay_SYN_0979,10000,INR,netbanking,1,UNKNOWN,10000,0,unknown,0.36,HUMAN_REVIEW,not_recovered,0
pay_SYN_0535,10000,INR,wallet,3,UNKNOWN,10000,2,good,0.52,HUMAN_REVIEW,not_recovered,0
pay_SYN_0295,25000,INR,card,1,CUSTOMER_ACTION_REQUIRED,25000,0,average,0.38,CUSTOMER_ACTION,not_recovered,0
pay_SYN_0893,5000000,INR,netbanking,1,BANK_TIMEOUT,5000000,0,average,0.13,HUMAN_REVIEW,recovered,5000000
pay_SYN_0426,25000,INR,card,3,PERMANENT_FAILURE,25000,2,good,0.4,DO_NOT_RETRY,not_recovered,0
pay_SYN_0714,1000000,INR,netbanking,2,CUSTOMER_ACTION_REQUIRED,1000000,1,average,0.49,CUSTOMER_ACTION,recovered,1000000
pay_SYN_0261,1000000,INR,netbanking,1,UNKNOWN,1000000,0,poor,0.75,HUMAN_REVIEW,not_recovered,0
pay_SYN_0238,5000000,INR,netbanking,1,BANK_TIMEOUT,5000000,0,poor,0.29,HUMAN_REVIEW,not_recovered,0
pay_SYN_0560,10000,INR,netbanking,2,PERMANENT_FAILURE,10000,1,unknown,0.57,DO_NOT_RETRY,not_recovered,0
pay_SYN_0584,50000,INR,netbanking,2,BANK_TIMEOUT,50000,1,good,0.62,RETRY_LATER,not_recovered,0
pay_SYN_0446,500000,INR,card,3,CUSTOMER_ACTION_REQUIRED,500000,2,poor,0.21,CUSTOMER_ACTION,not_recovered,0
pay_SYN_0868,500000,INR,card,2,CUSTOMER_ACTION_REQUIRED,500000,1,good,0.51,CUSTOMER_ACTION,not_recovered,0
pay_SYN_0801,50000,INR,netbanking,2,TEMPORARY_FAILURE,50000,1,poor,0.62,CONTROLLED_RETRY,recovered,50000
pay_SYN_0600,1000000,INR,wallet,1,BANK_TIMEOUT,1000000,0,average,0.11,HUMAN_REVIEW,recovered,1000000
pay_SYN_0850,100000,INR,card,2,CUSTOMER_ACTION_REQUIRED,100000,1,unknown,0.21,CUSTOMER_ACTION,not_recovered,0
pay_SYN_0266,1000000,INR,netbanking,1,CUSTOMER_ACTION_REQUIRED,1000000,0,poor,0.44,CUSTOMER_ACTION,recovered,1000000
pay_SYN_0996,10000,INR,wallet,1,PERMANENT_FAILURE,10000,0,unknown,0.17,DO_NOT_RETRY,not_recovered,0
pay_SYN_0530,250000,INR,netbanking,3,BANK_TIMEOUT,250000,2,poor,0.13,HUMAN_REVIEW,not_recovered,0
pay_SYN_0056,500000,INR,card,3,CUSTOMER_ACTION_REQUIRED,500000,2,good,0.31,CUSTOMER_ACTION,not_recovered,0
pay_SYN_0121,250000,INR,card,2,PERMANENT_FAILURE,250000,1,good,0.02,DO_NOT_RETRY,not_recovered,0
pay_SYN_0216,1000000,INR,netbanking,1,UNKNOWN,1000000,0,unknown,0.71,HUMAN_REVIEW,not_recovered,0
pay_SYN_0026,500000,INR,netbanking,2,CUSTOMER_ACTION_REQUIRED,500000,1,unknown,0.17,CUSTOMER_ACTION,recovered,500000
pay_SYN_0073,10000,INR,netbanking,2,PERMANENT_FAILURE,10000,1,good,0.69,DO_NOT_RETRY,not_recovered,0
pay_SYN_0045,10000,INR,netbanking,2,CUSTOMER_ACTION_REQUIRED,10000,1,good,0.0,CUSTOMER_ACTION,not_recovered,0
pay_SYN_0248,5000000,INR,wallet,2,TEMPORARY_FAILURE,5000000,1,good,0.1,CONTROLLED_RETRY,recovered,5000000
pay_SYN_0722,100000,INR,wallet,1,CUSTOMER_ACTION_REQUIRED,100000,0,unknown,0.6,CUSTOMER_ACTION,not_recovered,0
pay_SYN_0282,1000000,INR,card,1,PERMANENT_FAILURE,1000000,0,poor,0.03,DO_NOT_RETRY,not_recovered,0
pay_SYN_0894,25000,INR,netbanking,3,PERMANENT_FAILURE,25000,2,unknown,0.47,DO_NOT_RETRY,not_recovered,0
pay_SYN_0915,500000,INR,card,3,PERMANENT_FAILURE,500000,2,unknown,0.22,DO_NOT_RETRY,not_recovered,0
pay_SYN_0811,100000,INR,wallet,3,PERMANENT_FAILURE,100000,2,good,0.78,DO_NOT_RETRY,not_recovered,0
pay_SYN_0245,50000,INR,card,1,CUSTOMER_ACTION_REQUIRED,50000,0,average,0.63,CUSTOMER_ACTION,recovered,50000
pay_SYN_0823,1000000,INR,card,3,TEMPORARY_FAILURE,1000000,2,good,0.07,HUMAN_REVIEW,not_recovered,0
pay_SYN_0322,25000,INR,card,1,PERMANENT_FAILURE,25000,0,average,0.04,DO_NOT_RETRY,not_recovered,0
pay_SYN_0644,5000000,INR,wallet,1,TEMPORARY_FAILURE,5000000,0,poor,0.18,CONTROLLED_RETRY,recovered,5000000
pay_SYN_0159,25000,INR,card,1,BANK_TIMEOUT,25000,0,good,0.04,RETRY_LATER,recovered,25000
pay_SYN_0978,5000000,INR,card,3,CUSTOMER_ACTION_REQUIRED,5000000,2,poor,0.65,CUSTOMER_ACTION,not_recovered,0
pay_SYN_0430,1000000,INR,netbanking,2,TEMPORARY_FAILURE,1000000,1,poor,0.22,CONTROLLED_RETRY,recovered,1000000
pay_SYN_0942,250000,INR,wallet,3,TEMPORARY_FAILURE,250000,2,unknown,0.18,HUMAN_REVIEW,not_recovered,0
pay_SYN_0463,5000000,INR,wallet,2,TEMPORARY_FAILURE,5000000,1,good,0.07,CONTROLLED_RETRY,recovered,5000000
pay_SYN_0310,50000,INR,wallet,1,TEMPORARY_FAILURE,50000,0,average,0.67,CONTROLLED_RETRY,not_recovered,0
pay_SYN_0698,5000000,INR,card,1,TEMPORARY_FAILURE,5000000,0,poor,0.06,CONTROLLED_RETRY,not_recovered,0
pay_SYN_0061,250000,INR,card,3,BANK_TIMEOUT,250000,2,poor,0.37,HUMAN_REVIEW,not_recovered,0
pay_SYN_0885,25000,INR,wallet,2,CUSTOMER_ACTION_REQUIRED,25000,1,unknown,0.55,CUSTOMER_ACTION,not_recovered,0
pay_SYN_0596,250000,INR,wallet,1,BANK_TIMEOUT,250000,0,poor,0.33,RETRY_LATER,recovered,250000
pay_SYN_0768,10000,INR,wallet,2,BANK_TIMEOUT,10000,1,good,0.7,RETRY_LATER,recovered,10000
pay_SYN_0650,25000,INR,netbanking,3,CUSTOMER_ACTION_REQUIRED,25000,2,poor,0.28,CUSTOMER_ACTION,not_recovered,0
pay_SYN_0651,100000,INR,wallet,2,UNKNOWN,100000,1,unknown,0.46,HUMAN_REVIEW,not_recovered,0
pay_SYN_0866,500000,INR,card,3,CUSTOMER_ACTION_REQUIRED,500000,2,unknown,0.38,CUSTOMER_ACTION,not_recovered,0
pay_SYN_0669,500000,INR,card,1,TEMPORARY_FAILURE,500000,0,average,0.78,CONTROLLED_RETRY,not_recovered,0
pay_SYN_0299,250000,INR,card,1,CUSTOMER_ACTION_REQUIRED,250000,0,average,0.38,CUSTOMER_ACTION,recovered,250000
pay_SYN_0690,10000,INR,wallet,2,UNKNOWN,10000,1,poor,0.01,HUMAN_REVIEW,not_recovered,0
pay_SYN_0315,5000000,INR,netbanking,1,CUSTOMER_ACTION_REQUIRED,5000000,0,average,0.4,CUSTOMER_ACTION,recovered,5000000
pay_SYN_0311,250000,INR,card,3,CUSTOMER_ACTION_REQUIRED,250000,2,unknown,0.43,CUSTOMER_ACTION,not_recovered,0
pay_SYN_0362,500000,INR,netbanking,1,UNKNOWN,500000,0,average,0.55,HUMAN_REVIEW,not_recovered,0
pay_SYN_0480,10000,INR,netbanking,1,TEMPORARY_FAILURE,10000,0,unknown,0.56,CONTROLLED_RETRY,not_recovered,0
pay_SYN_0111,25000,INR,netbanking,2,BANK_TIMEOUT,25000,1,poor,0.35,RETRY_LATER,recovered,25000
pay_SYN_0990,25000,INR,wallet,2,CUSTOMER_ACTION_REQUIRED,25000,1,unknown,0.4,CUSTOMER_ACTION,not_recovered,0
pay_SYN_0487,10000,INR,netbanking,3,PERMANENT_FAILURE,10000,2,good,0.07,DO_NOT_RETRY,not_recovered,0
pay_SYN_0364,1000000,INR,wallet,3,TEMPORARY_FAILURE,1000000,2,poor,0.19,HUMAN_REVIEW,not_recovered,0
pay_SYN_0255,250000,INR,wallet,3,BANK_TIMEOUT,250000,2,unknown,0.49,HUMAN_REVIEW,recovered,250000
pay_SYN_0260,250000,INR,card,1,BANK_TIMEOUT,250000,0,good,0.23,RETRY_LATER,recovered,250000
pay_SYN_0803,25000,INR,netbanking,1,TEMPORARY_FAILURE,25000,0,good,0.27,CONTROLLED_RETRY,not_recovered,0
pay_SYN_0678,1000000,INR,wallet,2,CUSTOMER_ACTION_REQUIRED,1000000,1,good,0.06,CUSTOMER_ACTION,recovered,1000000
pay_SYN_0495,25000,INR,netbanking,1,CUSTOMER_ACTION_REQUIRED,25000,0,poor,0.69,CUSTOMER_ACTION,not_recovered,0
pay_SYN_0671,50000,INR,card,1,PERMANENT_FAILURE,50000,0,unknown,0.4,DO_NOT_RETRY,not_recovered,0
pay_SYN_0378,25000,INR,card,2,CUSTOMER_ACTION_REQUIRED,25000,1,poor,0.48,CUSTOMER_ACTION,not_recovered,0
pay_SYN_0527,25000,INR,netbanking,3,CUSTOMER_ACTION_REQUIRED,25000,2,unknown,0.32,CUSTOMER_ACTION,not_recovered,0
pay_SYN_0846,50000,INR,wallet,2,PERMANENT_FAILURE,50000,1,good,0.77,DO_NOT_RETRY,not_recovered,0
pay_SYN_0138,100000,INR,wallet,3,TEMPORARY_FAILURE,100000,2,average,0.14,HUMAN_REVIEW,recovered,100000
pay_SYN_0356,250000,INR,card,1,BANK_TIMEOUT,250000,0,unknown,0.22,RETRY_LATER,recovered,250000
pay_SYN_0366,1000000,INR,wallet,2,BANK_TIMEOUT,1000000,1,good,0.09,HUMAN_REVIEW,recovered,1000000
pay_SYN_0943,50000,INR,card,3,TEMPORARY_FAILURE,50000,2,unknown,0.1,HUMAN_REVIEW,not_recovered,0
pay_SYN_0750,500000,INR,netbanking,3,BANK_TIMEOUT,500000,2,unknown,0.18,HUMAN_REVIEW,recovered,500000
pay_SYN_0949,25000,INR,wallet,3,BANK_TIMEOUT,25000,2,average,0.61,HUMAN_REVIEW,not_recovered,0
pay_SYN_0830,1000000,INR,wallet,1,BANK_TIMEOUT,1000000,0,unknown,0.11,HUMAN_REVIEW,recovered,1000000
pay_SYN_0657,250000,INR,netbanking,3,TEMPORARY_FAILURE,250000,2,poor,0.06,HUMAN_REVIEW,not_recovered,0
pay_SYN_0200,50000,INR,netbanking,2,TEMPORARY_FAILURE,50000,1,good,0.4,CONTROLLED_RETRY,recovered,50000
pay_SYN_0214,250000,INR,netbanking,2,CUSTOMER_ACTION_REQUIRED,250000,1,good,0.57,CUSTOMER_ACTION,not_recovered,0
pay_SYN_0409,25000,INR,netbanking,2,TEMPORARY_FAILURE,25000,1,average,0.31,CONTROLLED_RETRY,not_recovered,0
pay_SYN_0333,10000,INR,wallet,1,BANK_TIMEOUT,10000,0,good,0.61,RETRY_LATER,recovered,10000
pay_SYN_0209,10000,INR,wallet,3,TEMPORARY_FAILURE,10000,2,average,0.48,HUMAN_REVIEW,recovered,10000
pay_SYN_0614,1000000,INR,netbanking,3,PERMANENT_FAILURE,1000000,2,poor,0.11,DO_NOT_RETRY,not_recovered,0
pay_SYN_0079,1000000,INR,card,2,PERMANENT_FAILURE,1000000,1,poor,0.67,DO_NOT_RETRY,not_recovered,0
pay_SYN_0030,5000000,INR,netbanking,2,TEMPORARY_FAILURE,5000000,1,unknown,0.2,CONTROLLED_RETRY,not_recovered,0
pay_SYN_0536,25000,INR,card,1,TEMPORARY_FAILURE,25000,0,poor,0.38,CONTROLLED_RETRY,recovered,25000
pay_SYN_0696,10000,INR,wallet,1,BANK_TIMEOUT,10000,0,poor,0.22,RETRY_LATER,not_recovered,0
pay_SYN_0558,1000000,INR,card,3,BANK_TIMEOUT,1000000,2,good,0.66,HUMAN_REVIEW,not_recovered,0
pay_SYN_0837,5000000,INR,wallet,3,BANK_TIMEOUT,5000000,2,poor,0.37,HUMAN_REVIEW,recovered,5000000
pay_SYN_0597,1000000,INR,card,2,TEMPORARY_FAILURE,1000000,1,good,0.43,CONTROLLED_RETRY,not_recovered,0
pay_SYN_0166,250000,INR,card,1,CUSTOMER_ACTION_REQUIRED,250000,0,good,0.8,CUSTOMER_ACTION,not_recovered,0
pay_SYN_0919,50000,INR,card,1,BANK_TIMEOUT,50000,0,unknown,0.12,RETRY_LATER,recovered,50000
pay_SYN_0496,1000000,INR,card,2,TEMPORARY_FAILURE,1000000,1,unknown,0.03,CONTROLLED_RETRY,recovered,1000000
pay_SYN_0825,100000,INR,netbanking,2,CUSTOMER_ACTION_REQUIRED,100000,1,poor,0.46,CUSTOMER_ACTION,not_recovered,0
pay_SYN_0066,10000,INR,netbanking,1,PERMANENT_FAILURE,10000,0,average,0.64,DO_NOT_RETRY,not_recovered,0
pay_SYN_0142,250000,INR,netbanking,2,UNKNOWN,250000,1,good,0.19,HUMAN_REVIEW,not_recovered,0
pay_SYN_0926,50000,INR,netbanking,1,BANK_TIMEOUT,50000,0,poor,0.46,RETRY_LATER,recovered,50000
pay_SYN_0828,10000,INR,wallet,2,CUSTOMER_ACTION_REQUIRED,10000,1,good,0.69,CUSTOMER_ACTION,not_recovered,0
pay_SYN_0656,500000,INR,card,3,UNKNOWN,500000,2,good,0.56,HUMAN_REVIEW,not_recovered,0
pay_SYN_0332,500000,INR,netbanking,3,BANK_TIMEOUT,500000,2,unknown,0.15,HUMAN_REVIEW,not_recovered,0
pay_SYN_0665,500000,INR,card,1,PERMANENT_FAILURE,500000,0,unknown,0.78,DO_NOT_RETRY,not_recovered,0
pay_SYN_0250,50000,INR,netbanking,1,TEMPORARY_FAILURE,50000,0,good,0.41,CONTROLLED_RETRY,recovered,50000
pay_SYN_0908,10000,INR,card,1,TEMPORARY_FAILURE,10000,0,unknown,0.15,CONTROLLED_RETRY,not_recovered,0
pay_SYN_0709,100000,INR,netbanking,2,CUSTOMER_ACTION_REQUIRED,100000,1,average,0.2,CUSTOMER_ACTION,recovered,100000
pay_SYN_0306,10000,INR,card,1,TEMPORARY_FAILURE,10000,0,good,0.75,CONTROLLED_RETRY,recovered,10000
pay_SYN_0735,100000,INR,wallet,3,CUSTOMER_ACTION_REQUIRED,100000,2,good,0.51,CUSTOMER_ACTION,not_recovered,0
pay_SYN_0976,5000000,INR,wallet,1,BANK_TIMEOUT,5000000,0,unknown,0.48,HUMAN_REVIEW,recovered,5000000
pay_SYN_0050,1000000,INR,netbanking,2,BANK_TIMEOUT,1000000,1,unknown,0.64,HUMAN_REVIEW,not_recovered,0
pay_SYN_0897,5000000,INR,netbanking,1,PERMANENT_FAILURE,5000000,0,average,0.74,DO_NOT_RETRY,not_recovered,0
pay_SYN_0003,10000,INR,wallet,3,BANK_TIMEOUT,10000,2,unknown,0.18,HUMAN_REVIEW,not_recovered,0
pay_SYN_0545,50000,INR,card,2,TEMPORARY_FAILURE,50000,1,poor,0.7,CONTROLLED_RETRY,recovered,50000
pay_SYN_0351,50000,INR,wallet,2,TEMPORARY_FAILURE,50000,1,good,0.07,CONTROLLED_RETRY,not_recovered,0
pay_SYN_0905,10000,INR,card,2,CUSTOMER_ACTION_REQUIRED,10000,1,good,0.36,CUSTOMER_ACTION,recovered,10000
pay_SYN_0537,10000,INR,card,1,TEMPORARY_FAILURE,10000,0,poor,0.5,CONTROLLED_RETRY,not_recovered,0
pay_SYN_0345,1000000,INR,netbanking,3,TEMPORARY_FAILURE,1000000,2,average,0.45,HUMAN_REVIEW,not_recovered,0
pay_SYN_0995,500000,INR,netbanking,2,TEMPORARY_FAILURE,500000,1,unknown,0.54,CONTROLLED_RETRY,not_recovered,0
pay_SYN_0482,5000000,INR,netbanking,1,BANK_TIMEOUT,5000000,0,unknown,0.07,HUMAN_REVIEW,not_recovered,0
pay_SYN_0576,10000,INR,wallet,1,PERMANENT_FAILURE,10000,0,good,0.29,DO_NOT_RETRY,not_recovered,0
pay_SYN_0034,250000,INR,card,3,CUSTOMER_ACTION_REQUIRED,250000,2,unknown,0.12,CUSTOMER_ACTION,not_recovered,0
pay_SYN_0032,100000,INR,netbanking,2,TEMPORARY_FAILURE,100000,1,average,0.69,CONTROLLED_RETRY,not_recovered,0
pay_SYN_0232,1000000,INR,card,2,UNKNOWN,1000000,1,unknown,0.29,HUMAN_REVIEW,not_recovered,0
pay_SYN_0964,5000000,INR,wallet,1,UNKNOWN,5000000,0,poor,0.79,HUMAN_REVIEW,not_recovered,0
pay_SYN_0193,50000,INR,netbanking,2,BANK_TIMEOUT,50000,1,average,0.14,RETRY_LATER,recovered,50000
pay_SYN_0334,100000,INR,netbanking,1,PERMANENT_FAILURE,100000,0,average,0.4,DO_NOT_RETRY,not_recovered,0
pay_SYN_0004,10000,INR,netbanking,2,CUSTOMER_ACTION_REQUIRED,10000,1,poor,0.12,CUSTOMER_ACTION,not_recovered,0
pay_SYN_0205,1000000,INR,netbanking,1,CUSTOMER_ACTION_REQUIRED,1000000,0,poor,0.45,CUSTOMER_ACTION,not_recovered,0
pay_SYN_0515,100000,INR,netbanking,3,PERMANENT_FAILURE,100000,2,unknown,0.53,DO_NOT_RETRY,not_recovered,0
pay_SYN_0800,500000,INR,netbanking,1,PERMANENT_FAILURE,500000,0,unknown,0.4,DO_NOT_RETRY,not_recovered,0
pay_SYN_0307,5000000,INR,netbanking,1,TEMPORARY_FAILURE,5000000,0,average,0.61,CONTROLLED_RETRY,not_recovered,0
pay_SYN_0110,100000,INR,card,1,BANK_TIMEOUT,100000,0,average,0.73,RETRY_LATER,not_recovered,0
pay_SYN_0431,500000,INR,netbanking,1,CUSTOMER_ACTION_REQUIRED,500000,0,average,0.18,CUSTOMER_ACTION,not_recovered,0
pay_SYN_0078,5000000,INR,netbanking,2,BANK_TIMEOUT,5000000,1,poor,0.17,HUMAN_REVIEW,recovered,5000000
pay_SYN_0085,100000,INR,netbanking,2,CUSTOMER_ACTION_REQUIRED,100000,1,good,0.64,CUSTOMER_ACTION,not_recovered,0
pay_SYN_0287,50000,INR,card,2,CUSTOMER_ACTION_REQUIRED,50000,1,unknown,0.52,CUSTOMER_ACTION,not_recovered,0
pay_SYN_0083,25000,INR,netbanking,1,UNKNOWN,25000,0,good,0.74,HUMAN_REVIEW,not_recovered,0
pay_SYN_0992,25000,INR,wallet,2,BANK_TIMEOUT,25000,1,good,0.24,RETRY_LATER,recovered,25000
pay_SYN_0790,25000,INR,wallet,3,PERMANENT_FAILURE,25000,2,unknown,0.33,DO_NOT_RETRY,not_recovered,0
pay_SYN_0895,100000,INR,wallet,2,CUSTOMER_ACTION_REQUIRED,100000,1,average,0.62,CUSTOMER_ACTION,not_recovered,0
pay_SYN_0399,25000,INR,wallet,3,UNKNOWN,25000,2,poor,0.68,HUMAN_REVIEW,not_recovered,0
pay_SYN_0324,500000,INR,card,1,UNKNOWN,500000,0,average,0.75,HUMAN_REVIEW,not_recovered,0
pay_SYN_0520,50000,INR,wallet,3,PERMANENT_FAILURE,50000,2,good,0.18,DO_NOT_RETRY,not_recovered,0
pay_SYN_0917,250000,INR,card,3,CUSTOMER_ACTION_REQUIRED,250000,2,good,0.15,CUSTOMER_ACTION,not_recovered,0
pay_SYN_0923,5000000,INR,card,1,TEMPORARY_FAILURE,5000000,0,poor,0.14,CONTROLLED_RETRY,recovered,5000000
pay_SYN_0006,10000,INR,wallet,1,TEMPORARY_FAILURE,10000,0,unknown,0.06,CONTROLLED_RETRY,recovered,10000
pay_SYN_0732,100000,INR,wallet,2,BANK_TIMEOUT,100000,1,unknown,0.14,RETRY_LATER,not_recovered,0
pay_SYN_0466,50000,INR,netbanking,2,PERMANENT_FAILURE,50000,1,good,0.3,DO_NOT_RETRY,not_recovered,0
pay_SYN_0098,250000,INR,wallet,3,CUSTOMER_ACTION_REQUIRED,250000,2,poor,0.78,CUSTOMER_ACTION,not_recovered,0
pay_SYN_0267,5000000,INR,wallet,3,TEMPORARY_FAILURE,5000000,2,good,0.1,HUMAN_REVIEW,recovered,5000000
pay_SYN_0358,25000,INR,netbanking,2,TEMPORARY_FAILURE,25000,1,poor,0.67,CONTROLLED_RETRY,not_recovered,0
pay_SYN_0869,25000,INR,card,2,CUSTOMER_ACTION_REQUIRED,25000,1,good,0.67,CUSTOMER_ACTION,not_recovered,0
pay_SYN_0799,100000,INR,card,2,TEMPORARY_FAILURE,100000,1,average,0.42,CONTROLLED_RETRY,recovered,100000
pay_SYN_0381,25000,INR,netbanking,1,TEMPORARY_FAILURE,25000,0,unknown,0.33,CONTROLLED_RETRY,recovered,25000
pay_SYN_0632,50000,INR,card,3,UNKNOWN,50000,2,good,0.7,HUMAN_REVIEW,not_recovered,0
pay_SYN_0382,1000000,INR,card,3,BANK_TIMEOUT,1000000,2,average,0.44,HUMAN_REVIEW,not_recovered,0
pay_SYN_0491,50000,INR,netbanking,1,UNKNOWN,50000,0,average,0.03,HUMAN_REVIEW,recovered,50000
pay_SYN_0119,10000,INR,wallet,2,PERMANENT_FAILURE,10000,1,unknown,0.04,DO_NOT_RETRY,not_recovered,0
pay_SYN_0901,50000,INR,wallet,1,UNKNOWN,50000,0,good,0.33,HUMAN_REVIEW,not_recovered,0
pay_SYN_0251,50000,INR,card,1,UNKNOWN,50000,0,poor,0.76,HUMAN_REVIEW,not_recovered,0
pay_SYN_0524,50000,INR,netbanking,3,TEMPORARY_FAILURE,50000,2,unknown,0.11,HUMAN_REVIEW,not_recovered,0
pay_SYN_0010,25000,INR,wallet,3,CUSTOMER_ACTION_REQUIRED,25000,2,average,0.13,CUSTOMER_ACTION,not_recovered,0
pay_SYN_0197,500000,INR,wallet,2,BANK_TIMEOUT,500000,1,unknown,0.03,RETRY_LATER,recovered,500000
pay_SYN_0604,50000,INR,netbanking,3,BANK_TIMEOUT,50000,2,poor,0.16,HUMAN_REVIEW,recovered,50000
pay_SYN_0082,100000,INR,card,2,CUSTOMER_ACTION_REQUIRED,100000,1,average,0.48,CUSTOMER_ACTION,not_recovered,0
pay_SYN_0784,500000,INR,card,2,PERMANENT_FAILURE,500000,1,good,0.23,DO_NOT_RETRY,not_recovered,0
pay_SYN_0588,5000000,INR,wallet,3,PERMANENT_FAILURE,5000000,2,good,0.09,DO_NOT_RETRY,not_recovered,0
pay_SYN_0798,250000,INR,wallet,3,PERMANENT_FAILURE,250000,2,good,0.22,DO_NOT_RETRY,not_recovered,0
pay_SYN_0240,50000,INR,wallet,2,TEMPORARY_FAILURE,50000,1,poor,0.2,CONTROLLED_RETRY,recovered,50000
pay_SYN_0291,25000,INR,card,3,TEMPORARY_FAILURE,25000,2,unknown,0.71,HUMAN_REVIEW,recovered,25000
pay_SYN_0212,5000000,INR,netbanking,3,TEMPORARY_FAILURE,5000000,2,unknown,0.37,HUMAN_REVIEW,recovered,5000000
pay_SYN_0718,25000,INR,netbanking,1,UNKNOWN,25000,0,unknown,0.74,HUMAN_REVIEW,not_recovered,0
pay_SYN_0360,100000,INR,card,2,TEMPORARY_FAILURE,100000,1,poor,0.23,CONTROLLED_RETRY,not_recovered,0
pay_SYN_0450,5000000,INR,netbanking,2,BANK_TIMEOUT,5000000,1,good,0.03,HUMAN_REVIEW,recovered,5000000
pay_SYN_0228,25000,INR,wallet,2,PERMANENT_FAILURE,25000,1,good,0.23,DO_NOT_RETRY,not_recovered,0
pay_SYN_0951,500000,INR,netbanking,2,CUSTOMER_ACTION_REQUIRED,500000,1,average,0.01,CUSTOMER_ACTION,not_recovered,0
pay_SYN_0947,10000,INR,netbanking,3,TEMPORARY_FAILURE,10000,2,average,0.29,HUMAN_REVIEW,recovered,10000
pay_SYN_0797,1000000,INR,wallet,1,CUSTOMER_ACTION_REQUIRED,1000000,0,unknown,0.15,CUSTOMER_ACTION,recovered,1000000
pay_SYN_0502,5000000,INR,wallet,1,PERMANENT_FAILURE,5000000,0,average,0.05,DO_NOT_RETRY,not_recovered,0
pay_SYN_0465,50000,INR,card,2,PERMANENT_FAILURE,50000,1,good,0.02,DO_NOT_RETRY,not_recovered,0
pay_SYN_0363,5000000,INR,wallet,2,BANK_TIMEOUT,5000000,1,good,0.66,HUMAN_REVIEW,not_recovered,0
pay_SYN_0469,500000,INR,netbanking,1,CUSTOMER_ACTION_REQUIRED,500000,0,unknown,0.25,CUSTOMER_ACTION,not_recovered,0
pay_SYN_0936,50000,INR,wallet,2,PERMANENT_FAILURE,50000,1,unknown,0.3,DO_NOT_RETRY,not_recovered,0
pay_SYN_0429,10000,INR,card,1,TEMPORARY_FAILURE,10000,0,average,0.74,CONTROLLED_RETRY,not_recovered,0
pay_SYN_0008,25000,INR,netbanking,2,PERMANENT_FAILURE,25000,1,poor,0.36,DO_NOT_RETRY,not_recovered,0
pay_SYN_0156,1000000,INR,wallet,1,PERMANENT_FAILURE,1000000,0,unknown,0.52,DO_NOT_RETRY,not_recovered,0
pay_SYN_0542,25000,INR,wallet,2,PERMANENT_FAILURE,25000,1,average,0.37,DO_NOT_RETRY,not_recovered,0
pay_SYN_0441,250000,INR,card,2,PERMANENT_FAILURE,250000,1,poor,0.25,DO_NOT_RETRY,not_recovered,0
pay_SYN_0483,5000000,INR,netbanking,1,BANK_TIMEOUT,5000000,0,average,0.51,HUMAN_REVIEW,not_recovered,0
pay_SYN_0423,250000,INR,wallet,3,PERMANENT_FAILURE,250000,2,average,0.1,DO_NOT_RETRY,not_recovered,0
pay_SYN_0779,100000,INR,wallet,2,CUSTOMER_ACTION_REQUIRED,100000,1,unknown,0.35,CUSTOMER_ACTION,not_recovered,0
pay_SYN_0950,50000,INR,wallet,2,TEMPORARY_FAILURE,50000,1,poor,0.22,CONTROLLED_RETRY,not_recovered,0
pay_SYN_0335,5000000,INR,wallet,1,TEMPORARY_FAILURE,5000000,0,unknown,0.01,CONTROLLED_RETRY,recovered,5000000
pay_SYN_0577,100000,INR,wallet,2,CUSTOMER_ACTION_REQUIRED,100000,1,average,0.41,CUSTOMER_ACTION,not_recovered,0
pay_SYN_0935,1000000,INR,netbanking,3,TEMPORARY_FAILURE,1000000,2,good,0.73,HUMAN_REVIEW,not_recovered,0
pay_SYN_0568,500000,INR,wallet,2,PERMANENT_FAILURE,500000,1,average,0.22,DO_NOT_RETRY,not_recovered,0
pay_SYN_0595,50000,INR,netbanking,2,TEMPORARY_FAILURE,50000,1,good,0.07,CONTROLLED_RETRY,recovered,50000
pay_SYN_0531,250000,INR,card,3,TEMPORARY_FAILURE,250000,2,poor,0.35,HUMAN_REVIEW,not_recovered,0
pay_SYN_0582,50000,INR,netbanking,1,PERMANENT_FAILURE,50000,0,unknown,0.03,DO_NOT_RETRY,not_recovered,0
pay_SYN_0708,50000,INR,card,3,BANK_TIMEOUT,50000,2,poor,0.64,HUMAN_REVIEW,not_recovered,0
pay_SYN_0449,25000,INR,wallet,1,CUSTOMER_ACTION_REQUIRED,25000,0,good,0.8,CUSTOMER_ACTION,recovered,25000
pay_SYN_0454,5000000,INR,netbanking,2,BANK_TIMEOUT,5000000,1,average,0.34,HUMAN_REVIEW,not_recovered,0
pay_SYN_0229,100000,INR,netbanking,2,TEMPORARY_FAILURE,100000,1,unknown,0.79,CONTROLLED_RETRY,not_recovered,0
pay_SYN_0353,1000000,INR,netbanking,2,BANK_TIMEOUT,1000000,1,good,0.48,HUMAN_REVIEW,not_recovered,0
pay_SYN_0729,100000,INR,card,3,BANK_TIMEOUT,100000,2,poor,0.74,HUMAN_REVIEW,not_recovered,0
pay_SYN_0213,1000000,INR,wallet,1,CUSTOMER_ACTION_REQUIRED,1000000,0,average,0.64,CUSTOMER_ACTION,recovered,1000000
pay_SYN_0080,10000,INR,card,1,BANK_TIMEOUT,10000,0,good,0.6,RETRY_LATER,not_recovered,0
pay_SYN_0149,5000000,INR,card,2,PERMANENT_FAILURE,5000000,1,good,0.37,DO_NOT_RETRY,not_recovered,0
pay_SYN_0303,5000000,INR,netbanking,3,CUSTOMER_ACTION_REQUIRED,5000000,2,unknown,0.07,CUSTOMER_ACTION,not_recovered,0
pay_SYN_0629,1000000,INR,wallet,3,BANK_TIMEOUT,1000000,2,average,0.5,HUMAN_REVIEW,not_recovered,0
pay_SYN_0778,250000,INR,netbanking,2,TEMPORARY_FAILURE,250000,1,good,0.49,CONTROLLED_RETRY,not_recovered,0
pay_SYN_0507,500000,INR,card,2,BANK_TIMEOUT,500000,1,good,0.23,RETRY_LATER,recovered,500000
pay_SYN_0343,5000000,INR,card,1,BANK_TIMEOUT,5000000,0,poor,0.72,HUMAN_REVIEW,not_recovered,0
pay_SYN_0486,5000000,INR,netbanking,2,TEMPORARY_FAILURE,5000000,1,poor,0.18,CONTROLLED_RETRY,recovered,5000000
pay_SYN_0712,250000,INR,card,2,CUSTOMER_ACTION_REQUIRED,250000,1,good,0.62,CUSTOMER_ACTION,not_recovered,0
pay_SYN_0134,25000,INR,card,3,PERMANENT_FAILURE,25000,2,unknown,0.76,DO_NOT_RETRY,not_recovered,0
pay_SYN_0704,100000,INR,netbanking,2,BANK_TIMEOUT,100000,1,poor,0.01,RETRY_LATER,not_recovered,0
pay_SYN_0312,100000,INR,card,2,TEMPORARY_FAILURE,100000,1,average,0.75,CONTROLLED_RETRY,not_recovered,0
pay_SYN_0723,500000,INR,wallet,3,TEMPORARY_FAILURE,500000,2,unknown,0.71,HUMAN_REVIEW,recovered,500000
pay_SYN_0630,50000,INR,wallet,2,CUSTOMER_ACTION_REQUIRED,50000,1,good,0.18,CUSTOMER_ACTION,not_recovered,0
pay_SYN_0001,25000,INR,netbanking,1,PERMANENT_FAILURE,25000,0,average,0.11,DO_NOT_RETRY,not_recovered,0
pay_SYN_0317,100000,INR,card,1,TEMPORARY_FAILURE,100000,0,average,0.5,CONTROLLED_RETRY,recovered,100000
pay_SYN_0707,500000,INR,wallet,2,BANK_TIMEOUT,500000,1,average,0.56,RETRY_LATER,not_recovered,0
pay_SYN_0548,50000,INR,netbanking,3,TEMPORARY_FAILURE,50000,2,unknown,0.64,HUMAN_REVIEW,not_recovered,0
pay_SYN_0873,100000,INR,card,3,TEMPORARY_FAILURE,100000,2,poor,0.4,HUMAN_REVIEW,not_recovered,0
pay_SYN_0533,1000000,INR,netbanking,3,BANK_TIMEOUT,1000000,2,average,0.17,HUMAN_REVIEW,recovered,1000000
pay_SYN_0478,1000000,INR,netbanking,3,PERMANENT_FAILURE,1000000,2,good,0.27,DO_NOT_RETRY,not_recovered,0
pay_SYN_0405,500000,INR,wallet,1,UNKNOWN,500000,0,good,0.32,HUMAN_REVIEW,not_recovered,0
pay_SYN_0173,25000,INR,wallet,1,PERMANENT_FAILURE,25000,0,good,0.47,DO_NOT_RETRY,not_recovered,0
pay_SYN_0126,1000000,INR,card,3,UNKNOWN,1000000,2,poor,0.66,HUMAN_REVIEW,not_recovered,0
pay_SYN_0395,50000,INR,wallet,1,PERMANENT_FAILURE,50000,0,average,0.57,DO_NOT_RETRY,not_recovered,0
pay_SYN_0421,100000,INR,netbanking,2,CUSTOMER_ACTION_REQUIRED,100000,1,good,0.25,CUSTOMER_ACTION,not_recovered,0
pay_SYN_0553,5000000,INR,card,3,CUSTOMER_ACTION_REQUIRED,5000000,2,unknown,0.12,CUSTOMER_ACTION,not_recovered,0
pay_SYN_0904,50000,INR,wallet,2,PERMANENT_FAILURE,50000,1,good,0.03,DO_NOT_RETRY,not_recovered,0
pay_SYN_0091,500000,INR,netbanking,2,TEMPORARY_FAILURE,500000,1,average,0.39,CONTROLLED_RETRY,recovered,500000
pay_SYN_0940,1000000,INR,netbanking,3,BANK_TIMEOUT,1000000,2,poor,0.33,HUMAN_REVIEW,not_recovered,0
pay_SYN_0182,10000,INR,wallet,2,BANK_TIMEOUT,10000,1,unknown,0.39,RETRY_LATER,recovered,10000
pay_SYN_0275,1000000,INR,netbanking,1,PERMANENT_FAILURE,1000000,0,good,0.46,DO_NOT_RETRY,not_recovered,0
pay_SYN_0896,25000,INR,netbanking,1,PERMANENT_FAILURE,25000,0,unknown,0.71,DO_NOT_RETRY,not_recovered,0
pay_SYN_0070,250000,INR,wallet,1,TEMPORARY_FAILURE,250000,0,poor,0.35,CONTROLLED_RETRY,not_recovered,0
pay_SYN_0292,5000000,INR,card,1,BANK_TIMEOUT,5000000,0,poor,0.13,HUMAN_REVIEW,recovered,5000000
pay_SYN_0132,5000000,INR,netbanking,2,CUSTOMER_ACTION_REQUIRED,5000000,1,good,0.58,CUSTOMER_ACTION,not_recovered,0
pay_SYN_0301,25000,INR,wallet,3,TEMPORARY_FAILURE,25000,2,poor,0.06,HUMAN_REVIEW,not_recovered,0
pay_SYN_0425,250000,INR,wallet,1,PERMANENT_FAILURE,250000,0,poor,0.65,DO_NOT_RETRY,not_recovered,0
pay_SYN_0327,250000,INR,card,2,TEMPORARY_FAILURE,250000,1,unknown,0.08,CONTROLLED_RETRY,not_recovered,0
pay_SYN_0145,100000,INR,wallet,3,TEMPORARY_FAILURE,100000,2,average,0.5,HUMAN_REVIEW,not_recovered,0
pay_SYN_0424,10000,INR,netbanking,2,TEMPORARY_FAILURE,10000,1,poor,0.13,CONTROLLED_RETRY,recovered,10000
pay_SYN_0581,100000,INR,wallet,2,UNKNOWN,100000,1,unknown,0.14,HUMAN_REVIEW,not_recovered,0
pay_SYN_0136,100000,INR,wallet,1,BANK_TIMEOUT,100000,0,good,0.35,RETRY_LATER,recovered,100000
pay_SYN_0451,50000,INR,wallet,3,TEMPORARY_FAILURE,50000,2,unknown,0.4,HUMAN_REVIEW,not_recovered,0
pay_SYN_0165,25000,INR,card,3,CUSTOMER_ACTION_REQUIRED,25000,2,good,0.58,CUSTOMER_ACTION,not_recovered,0
pay_SYN_0029,25000,INR,netbanking,2,TEMPORARY_FAILURE,25000,1,good,0.2,CONTROLLED_RETRY,recovered,25000
pay_SYN_0774,25000,INR,wallet,2,TEMPORARY_FAILURE,25000,1,good,0.42,CONTROLLED_RETRY,recovered,25000
pay_SYN_0194,25000,INR,netbanking,3,UNKNOWN,25000,2,unknown,0.37,HUMAN_REVIEW,not_recovered,0
pay_SYN_0389,25000,INR,wallet,1,PERMANENT_FAILURE,25000,0,poor,0.7,DO_NOT_RETRY,not_recovered,0
pay_SYN_0853,250000,INR,card,1,TEMPORARY_FAILURE,250000,0,poor,0.52,CONTROLLED_RETRY,recovered,250000
pay_SYN_0170,100000,INR,card,1,TEMPORARY_FAILURE,100000,0,unknown,0.27,CONTROLLED_RETRY,recovered,100000
pay_SYN_0706,50000,INR,card,1,PERMANENT_FAILURE,50000,0,average,0.4,DO_NOT_RETRY,not_recovered,0
pay_SYN_0141,5000000,INR,card,2,UNKNOWN,5000000,1,unknown,0.55,HUMAN_REVIEW,not_recovered,0
pay_SYN_0174,500000,INR,wallet,2,BANK_TIMEOUT,500000,1,unknown,0.69,RETRY_LATER,not_recovered,0
pay_SYN_0007,500000,INR,wallet,1,BANK_TIMEOUT,500000,0,good,0.53,RETRY_LATER,not_recovered,0
pay_SYN_0746,500000,INR,netbanking,1,PERMANENT_FAILURE,500000,0,average,0.44,DO_NOT_RETRY,not_recovered,0
pay_SYN_0479,5000000,INR,wallet,3,BANK_TIMEOUT,5000000,2,average,0.49,HUMAN_REVIEW,recovered,5000000
pay_SYN_0074,1000000,INR,card,2,BANK_TIMEOUT,1000000,1,poor,0.6,HUMAN_REVIEW,not_recovered,0
pay_SYN_0911,500000,INR,wallet,3,UNKNOWN,500000,2,poor,0.71,HUMAN_REVIEW,not_recovered,0
pay_SYN_0814,500000,INR,card,3,BANK_TIMEOUT,500000,2,poor,0.63,HUMAN_REVIEW,not_recovered,0
pay_SYN_0239,10000,INR,wallet,2,BANK_TIMEOUT,10000,1,poor,0.3,RETRY_LATER,not_recovered,0
pay_SYN_0146,10000,INR,card,1,PERMANENT_FAILURE,10000,0,poor,0.59,DO_NOT_RETRY,not_recovered,0
pay_SYN_0793,10000,INR,netbanking,2,BANK_TIMEOUT,10000,1,unknown,0.73,RETRY_LATER,not_recovered,0
pay_SYN_0235,1000000,INR,netbanking,2,CUSTOMER_ACTION_REQUIRED,1000000,1,unknown,0.03,CUSTOMER_ACTION,not_recovered,0
pay_SYN_0221,250000,INR,netbanking,2,BANK_TIMEOUT,250000,1,unknown,0.05,RETRY_LATER,not_recovered,0
pay_SYN_0924,5000000,INR,card,1,UNKNOWN,5000000,0,average,0.28,HUMAN_REVIEW,not_recovered,0
pay_SYN_0501,1000000,INR,wallet,1,CUSTOMER_ACTION_REQUIRED,1000000,0,unknown,0.17,CUSTOMER_ACTION,not_recovered,0
pay_SYN_0133,50000,INR,netbanking,2,TEMPORARY_FAILURE,50000,1,poor,0.5,CONTROLLED_RETRY,not_recovered,0
pay_SYN_0991,500000,INR,netbanking,2,CUSTOMER_ACTION_REQUIRED,500000,1,unknown,0.16,CUSTOMER_ACTION,not_recovered,0
pay_SYN_0775,50000,INR,card,1,CUSTOMER_ACTION_REQUIRED,50000,0,average,0.73,CUSTOMER_ACTION,not_recovered,0
pay_SYN_0186,25000,INR,netbanking,2,TEMPORARY_FAILURE,25000,1,average,0.1,CONTROLLED_RETRY,not_recovered,0
pay_SYN_0042,250000,INR,wallet,3,UNKNOWN,250000,2,good,0.53,HUMAN_REVIEW,not_recovered,0
pay_SYN_0697,10000,INR,netbanking,1,BANK_TIMEOUT,10000,0,unknown,0.17,RETRY_LATER,recovered,10000
pay_SYN_0109,250000,INR,wallet,1,PERMANENT_FAILURE,250000,0,average,0.74,DO_NOT_RETRY,not_recovered,0
pay_SYN_0589,100000,INR,wallet,3,CUSTOMER_ACTION_REQUIRED,100000,2,average,0.77,CUSTOMER_ACTION,not_recovered,0
pay_SYN_0057,250000,INR,netbanking,1,PERMANENT_FAILURE,250000,0,average,0.29,DO_NOT_RETRY,not_recovered,0
pay_SYN_0406,100000,INR,card,3,CUSTOMER_ACTION_REQUIRED,100000,2,good,0.0,CUSTOMER_ACTION,not_recovered,0
pay_SYN_0443,5000000,INR,card,3,TEMPORARY_FAILURE,5000000,2,poor,0.77,HUMAN_REVIEW,not_recovered,0
pay_SYN_0758,50000,INR,wallet,1,CUSTOMER_ACTION_REQUIRED,50000,0,average,0.25,CUSTOMER_ACTION,not_recovered,0
pay_SYN_0998,10000,INR,wallet,2,BANK_TIMEOUT,10000,1,average,0.19,RETRY_LATER,not_recovered,0
pay_SYN_0025,100000,INR,netbanking,3,BANK_TIMEOUT,100000,2,good,0.18,HUMAN_REVIEW,not_recovered,0
pay_SYN_0468,1000000,INR,wallet,3,UNKNOWN,1000000,2,poor,0.14,HUMAN_REVIEW,not_recovered,0
pay_SYN_0540,50000,INR,netbanking,1,CUSTOMER_ACTION_REQUIRED,50000,0,unknown,0.26,CUSTOMER_ACTION,recovered,50000
pay_SYN_0532,50000,INR,card,2,UNKNOWN,50000,1,poor,0.6,HUMAN_REVIEW,not_recovered,0
pay_SYN_0619,1000000,INR,card,1,UNKNOWN,1000000,0,good,0.78,HUMAN_REVIEW,not_recovered,0
pay_SYN_0695,5000000,INR,wallet,3,TEMPORARY_FAILURE,5000000,2,unknown,0.15,HUMAN_REVIEW,recovered,5000000
pay_SYN_0927,500000,INR,netbanking,3,BANK_TIMEOUT,500000,2,good,0.53,HUMAN_REVIEW,not_recovered,0
pay_SYN_0339,100000,INR,wallet,3,BANK_TIMEOUT,100000,2,good,0.52,HUMAN_REVIEW,not_recovered,0
pay_SYN_0052,5000000,INR,netbanking,2,BANK_TIMEOUT,5000000,1,poor,0.24,HUMAN_REVIEW,not_recovered,0
pay_SYN_0508,50000,INR,wallet,1,PERMANENT_FAILURE,50000,0,average,0.52,DO_NOT_RETRY,not_recovered,0
pay_SYN_0517,10000,INR,wallet,3,PERMANENT_FAILURE,10000,2,average,0.27,DO_NOT_RETRY,not_recovered,0
pay_SYN_0921,10000,INR,card,1,BANK_TIMEOUT,10000,0,average,0.67,RETRY_LATER,recovered,10000
pay_SYN_0782,25000,INR,card,1,UNKNOWN,25000,0,poor,0.49,HUMAN_REVIEW,not_recovered,0
pay_SYN_0265,25000,INR,card,2,BANK_TIMEOUT,25000,1,poor,0.61,RETRY_LATER,recovered,25000
pay_SYN_0818,1000000,INR,netbanking,3,CUSTOMER_ACTION_REQUIRED,1000000,2,average,0.78,CUSTOMER_ACTION,not_recovered,0
pay_SYN_0711,500000,INR,card,2,PERMANENT_FAILURE,500000,1,average,0.06,DO_NOT_RETRY,not_recovered,0
pay_SYN_0683,10000,INR,netbanking,3,PERMANENT_FAILURE,10000,2,good,0.08,DO_NOT_RETRY,not_recovered,0
pay_SYN_0833,50000,INR,wallet,2,PERMANENT_FAILURE,50000,1,unknown,0.5,DO_NOT_RETRY,not_recovered,0
pay_SYN_0519,50000,INR,card,1,BANK_TIMEOUT,50000,0,poor,0.58,RETRY_LATER,recovered,50000
pay_SYN_0448,50000,INR,netbanking,1,BANK_TIMEOUT,50000,0,average,0.16,RETRY_LATER,recovered,50000
pay_SYN_0019,100000,INR,netbanking,1,TEMPORARY_FAILURE,100000,0,good,0.48,CONTROLLED_RETRY,recovered,100000
pay_SYN_0716,50000,INR,netbanking,2,BANK_TIMEOUT,50000,1,average,0.08,RETRY_LATER,recovered,50000
pay_SYN_0484,5000000,INR,netbanking,2,TEMPORARY_FAILURE,5000000,1,unknown,0.39,CONTROLLED_RETRY,not_recovered,0
pay_SYN_0569,250000,INR,card,1,PERMANENT_FAILURE,250000,0,unknown,0.48,DO_NOT_RETRY,not_recovered,0
pay_SYN_0434,100000,INR,card,2,TEMPORARY_FAILURE,100000,1,average,0.59,CONTROLLED_RETRY,not_recovered,0
pay_SYN_0368,1000000,INR,netbanking,2,BANK_TIMEOUT,1000000,1,average,0.41,HUMAN_REVIEW,recovered,1000000
pay_SYN_0084,1000000,INR,card,1,UNKNOWN,1000000,0,good,0.47,HUMAN_REVIEW,not_recovered,0
pay_SYN_0062,100000,INR,wallet,3,TEMPORARY_FAILURE,100000,2,average,0.53,HUMAN_REVIEW,recovered,100000
pay_SYN_0639,1000000,INR,wallet,2,TEMPORARY_FAILURE,1000000,1,unknown,0.6,CONTROLLED_RETRY,recovered,1000000
pay_SYN_0273,1000000,INR,wallet,3,TEMPORARY_FAILURE,1000000,2,good,0.48,HUMAN_REVIEW,recovered,1000000
pay_SYN_0286,1000000,INR,card,1,PERMANENT_FAILURE,1000000,0,average,0.0,DO_NOT_RETRY,not_recovered,0
pay_SYN_0361,5000000,INR,wallet,2,PERMANENT_FAILURE,5000000,1,unknown,0.22,DO_NOT_RETRY,not_recovered,0
pay_SYN_0355,100000,INR,wallet,3,CUSTOMER_ACTION_REQUIRED,100000,2,unknown,0.14,CUSTOMER_ACTION,not_recovered,0
pay_SYN_0457,1000000,INR,card,2,BANK_TIMEOUT,1000000,1,average,0.02,HUMAN_REVIEW,not_recovered,0
pay_SYN_0279,500000,INR,wallet,3,PERMANENT_FAILURE,500000,2,poor,0.49,DO_NOT_RETRY,not_recovered,0
pay_SYN_0013,5000000,INR,netbanking,1,TEMPORARY_FAILURE,5000000,0,poor,0.6,CONTROLLED_RETRY,recovered,5000000
pay_SYN_0183,250000,INR,netbanking,1,PERMANENT_FAILURE,250000,0,poor,0.34,DO_NOT_RETRY,not_recovered,0
pay_SYN_0369,100000,INR,card,2,TEMPORARY_FAILURE,100000,1,average,0.28,CONTROLLED_RETRY,recovered,100000
pay_SYN_0882,25000,INR,card,2,BANK_TIMEOUT,25000,1,average,0.56,RETRY_LATER,recovered,25000
pay_SYN_0616,50000,INR,wallet,1,BANK_TIMEOUT,50000,0,average,0.45,RETRY_LATER,recovered,50000
pay_SYN_0224,500000,INR,netbanking,3,UNKNOWN,500000,2,good,0.31,HUMAN_REVIEW,not_recovered,0
pay_SYN_0573,5000000,INR,wallet,3,CUSTOMER_ACTION_REQUIRED,5000000,2,unknown,0.54,CUSTOMER_ACTION,not_recovered,0
pay_SYN_0971,50000,INR,netbanking,1,TEMPORARY_FAILURE,50000,0,poor,0.16,CONTROLLED_RETRY,not_recovered,0
pay_SYN_0654,5000000,INR,netbanking,2,PERMANENT_FAILURE,5000000,1,unknown,0.72,DO_NOT_RETRY,not_recovered,0
pay_SYN_0546,500000,INR,netbanking,2,BANK_TIMEOUT,500000,1,unknown,0.22,RETRY_LATER,recovered,500000
pay_SYN_0583,250000,INR,netbanking,2,BANK_TIMEOUT,250000,1,good,0.26,RETRY_LATER,not_recovered,0
pay_SYN_0634,1000000,INR,wallet,1,TEMPORARY_FAILURE,1000000,0,unknown,0.18,CONTROLLED_RETRY,not_recovered,0
pay_SYN_0177,1000000,INR,wallet,3,UNKNOWN,1000000,2,good,0.49,HUMAN_REVIEW,not_recovered,0
pay_SYN_0666,5000000,INR,card,1,CUSTOMER_ACTION_REQUIRED,5000000,0,average,0.3,CUSTOMER_ACTION,recovered,5000000
pay_SYN_0674,500000,INR,card,2,CUSTOMER_ACTION_REQUIRED,500000,1,poor,0.02,CUSTOMER_ACTION,recovered,500000
pay_SYN_0586,100000,INR,netbanking,3,CUSTOMER_ACTION_REQUIRED,100000,2,average,0.33,CUSTOMER_ACTION,not_recovered,0
pay_SYN_0874,5000000,INR,netbanking,1,BANK_TIMEOUT,5000000,0,poor,0.63,HUMAN_REVIEW,recovered,5000000
pay_SYN_0394,25000,INR,netbanking,2,UNKNOWN,25000,1,good,0.79,HUMAN_REVIEW,not_recovered,0
pay_SYN_0164,50000,INR,wallet,1,TEMPORARY_FAILURE,50000,0,good,0.38,CONTROLLED_RETRY,not_recovered,0
pay_SYN_0249,25000,INR,card,3,TEMPORARY_FAILURE,25000,2,poor,0.1,HUMAN_REVIEW,not_recovered,0
pay_SYN_0635,1000000,INR,card,3,CUSTOMER_ACTION_REQUIRED,1000000,2,good,0.34,CUSTOMER_ACTION,not_recovered,0
pay_SYN_0886,5000000,INR,wallet,1,BANK_TIMEOUT,5000000,0,poor,0.42,HUMAN_REVIEW,recovered,5000000
pay_SYN_0670,25000,INR,wallet,1,TEMPORARY_FAILURE,25000,0,unknown,0.69,CONTROLLED_RETRY,recovered,25000
pay_SYN_0376,5000000,INR,wallet,1,TEMPORARY_FAILURE,5000000,0,average,0.16,CONTROLLED_RETRY,not_recovered,0
pay_SYN_0413,1000000,INR,card,2,UNKNOWN,1000000,1,average,0.2,HUMAN_REVIEW,not_recovered,0
pay_SYN_0075,1000000,INR,wallet,3,PERMANENT_FAILURE,1000000,2,average,0.39,DO_NOT_RETRY,not_recovered,0
pay_SYN_0114,10000,INR,wallet,3,PERMANENT_FAILURE,10000,2,good,0.61,DO_NOT_RETRY,not_recovered,0
pay_SYN_0599,250000,INR,wallet,1,TEMPORARY_FAILURE,250000,0,poor,0.61,CONTROLLED_RETRY,not_recovered,0
pay_SYN_0962,10000,INR,wallet,1,BANK_TIMEOUT,10000,0,poor,0.14,RETRY_LATER,not_recovered,0
pay_SYN_0391,100000,INR,netbanking,3,PERMANENT_FAILURE,100000,2,poor,0.69,DO_NOT_RETRY,not_recovered,0
pay_SYN_0105,100000,INR,wallet,2,TEMPORARY_FAILURE,100000,1,poor,0.69,CONTROLLED_RETRY,not_recovered,0
pay_SYN_0115,5000000,INR,card,3,BANK_TIMEOUT,5000000,2,unknown,0.51,HUMAN_REVIEW,not_recovered,0
pay_SYN_0418,500000,INR,wallet,2,CUSTOMER_ACTION_REQUIRED,500000,1,good,0.01,CUSTOMER_ACTION,recovered,500000
pay_SYN_0526,5000000,INR,card,1,BANK_TIMEOUT,5000000,0,average,0.39,HUMAN_REVIEW,not_recovered,0
pay_SYN_0458,250000,INR,netbanking,2,PERMANENT_FAILURE,250000,1,poor,0.61,DO_NOT_RETRY,not_recovered,0
pay_SYN_0410,50000,INR,wallet,1,UNKNOWN,50000,0,good,0.42,HUMAN_REVIEW,recovered,50000
pay_SYN_0093,100000,INR,netbanking,2,BANK_TIMEOUT,100000,1,unknown,0.44,RETRY_LATER,recovered,100000
pay_SYN_0931,50000,INR,wallet,2,PERMANENT_FAILURE,50000,1,poor,0.55,DO_NOT_RETRY,not_recovered,0
pay_SYN_0090,25000,INR,card,1,PERMANENT_FAILURE,25000,0,unknown,0.46,DO_NOT_RETRY,not_recovered,0
pay_SYN_0337,25000,INR,netbanking,1,CUSTOMER_ACTION_REQUIRED,25000,0,average,0.5,CUSTOMER_ACTION,recovered,25000
pay_SYN_0989,10000,INR,card,2,TEMPORARY_FAILURE,10000,1,poor,0.46,CONTROLLED_RETRY,not_recovered,0
pay_SYN_0922,500000,INR,card,3,CUSTOMER_ACTION_REQUIRED,500000,2,poor,0.39,CUSTOMER_ACTION,not_recovered,0
pay_SYN_0934,100000,INR,card,1,BANK_TIMEOUT,100000,0,unknown,0.54,RETRY_LATER,not_recovered,0
pay_SYN_0606,25000,INR,netbanking,2,PERMANENT_FAILURE,25000,1,poor,0.29,DO_NOT_RETRY,not_recovered,0
pay_SYN_0594,25000,INR,netbanking,3,CUSTOMER_ACTION_REQUIRED,25000,2,unknown,0.52,CUSTOMER_ACTION,not_recovered,0
pay_SYN_0612,25000,INR,wallet,1,BANK_TIMEOUT,25000,0,good,0.65,RETRY_LATER,recovered,25000
pay_SYN_0095,100000,INR,card,2,CUSTOMER_ACTION_REQUIRED,100000,1,unknown,0.44,CUSTOMER_ACTION,recovered,100000
pay_SYN_0012,1000000,INR,card,3,BANK_TIMEOUT,1000000,2,poor,0.17,HUMAN_REVIEW,not_recovered,0
pay_SYN_0397,25000,INR,wallet,1,PERMANENT_FAILURE,25000,0,unknown,0.41,DO_NOT_RETRY,not_recovered,0
pay_SYN_0534,50000,INR,netbanking,3,TEMPORARY_FAILURE,50000,2,good,0.3,HUMAN_REVIEW,not_recovered,0
pay_SYN_0044,500000,INR,netbanking,2,CUSTOMER_ACTION_REQUIRED,500000,1,unknown,0.2,CUSTOMER_ACTION,not_recovered,0
pay_SYN_0043,25000,INR,netbanking,1,TEMPORARY_FAILURE,25000,0,average,0.22,CONTROLLED_RETRY,not_recovered,0
pay_SYN_0330,100000,INR,card,1,CUSTOMER_ACTION_REQUIRED,100000,0,unknown,0.44,CUSTOMER_ACTION,not_recovered,0
pay_SYN_0168,50000,INR,netbanking,3,BANK_TIMEOUT,50000,2,poor,0.3,HUMAN_REVIEW,not_recovered,0
pay_SYN_0498,500000,INR,wallet,3,BANK_TIMEOUT,500000,2,unknown,0.74,HUMAN_REVIEW,not_recovered,0
pay_SYN_0877,10000,INR,card,3,UNKNOWN,10000,2,good,0.19,HUMAN_REVIEW,not_recovered,0
pay_SYN_0598,25000,INR,wallet,3,CUSTOMER_ACTION_REQUIRED,25000,2,good,0.29,CUSTOMER_ACTION,not_recovered,0
pay_SYN_0757,1000000,INR,card,2,UNKNOWN,1000000,1,unknown,0.43,HUMAN_REVIEW,not_recovered,0
pay_SYN_0101,25000,INR,netbanking,2,CUSTOMER_ACTION_REQUIRED,25000,1,unknown,0.35,CUSTOMER_ACTION,recovered,25000
pay_SYN_0427,10000,INR,card,1,PERMANENT_FAILURE,10000,0,poor,0.13,DO_NOT_RETRY,not_recovered,0
pay_SYN_0179,50000,INR,netbanking,2,CUSTOMER_ACTION_REQUIRED,50000,1,good,0.11,CUSTOMER_ACTION,not_recovered,0
pay_SYN_0445,10000,INR,netbanking,2,PERMANENT_FAILURE,10000,1,average,0.07,DO_NOT_RETRY,not_recovered,0
pay_SYN_0417,10000,INR,card,1,UNKNOWN,10000,0,unknown,0.69,HUMAN_REVIEW,not_recovered,0
pay_SYN_0871,250000,INR,wallet,1,TEMPORARY_FAILURE,250000,0,poor,0.39,CONTROLLED_RETRY,not_recovered,0
pay_SYN_0883,5000000,INR,netbanking,1,UNKNOWN,5000000,0,average,0.08,HUMAN_REVIEW,not_recovered,0
pay_SYN_0681,10000,INR,netbanking,3,PERMANENT_FAILURE,10000,2,poor,0.75,DO_NOT_RETRY,not_recovered,0
pay_SYN_0178,250000,INR,netbanking,3,BANK_TIMEOUT,250000,2,poor,0.74,HUMAN_REVIEW,not_recovered,0
pay_SYN_0396,1000000,INR,card,3,BANK_TIMEOUT,1000000,2,poor,0.5,HUMAN_REVIEW,not_recovered,0
pay_SYN_0912,500000,INR,card,2,CUSTOMER_ACTION_REQUIRED,500000,1,poor,0.14,CUSTOMER_ACTION,not_recovered,0
pay_SYN_0794,50000,INR,card,2,BANK_TIMEOUT,50000,1,poor,0.37,RETRY_LATER,not_recovered,0
pay_SYN_0961,250000,INR,wallet,1,TEMPORARY_FAILURE,250000,0,average,0.4,CONTROLLED_RETRY,recovered,250000
pay_SYN_0685,5000000,INR,wallet,3,BANK_TIMEOUT,5000000,2,average,0.02,HUMAN_REVIEW,not_recovered,0
pay_SYN_0384,5000000,INR,netbanking,2,BANK_TIMEOUT,5000000,1,unknown,0.33,HUMAN_REVIEW,recovered,5000000
pay_SYN_0957,100000,INR,netbanking,2,UNKNOWN,100000,1,good,0.06,HUMAN_REVIEW,not_recovered,0
pay_SYN_0752,5000000,INR,wallet,1,UNKNOWN,5000000,0,good,0.2,HUMAN_REVIEW,not_recovered,0
pay_SYN_0258,100000,INR,card,2,CUSTOMER_ACTION_REQUIRED,100000,1,poor,0.59,CUSTOMER_ACTION,not_recovered,0
pay_SYN_0539,5000000,INR,netbanking,2,CUSTOMER_ACTION_REQUIRED,5000000,1,average,0.29,CUSTOMER_ACTION,not_recovered,0
pay_SYN_0336,250000,INR,wallet,1,UNKNOWN,250000,0,unknown,0.64,HUMAN_REVIEW,not_recovered,0
pay_SYN_0016,5000000,INR,wallet,3,TEMPORARY_FAILURE,5000000,2,good,0.54,HUMAN_REVIEW,recovered,5000000
pay_SYN_0325,25000,INR,wallet,2,UNKNOWN,25000,1,average,0.56,HUMAN_REVIEW,not_recovered,0
pay_SYN_0759,50000,INR,card,1,UNKNOWN,50000,0,average,0.25,HUMAN_REVIEW,not_recovered,0
pay_SYN_0223,10000,INR,wallet,3,TEMPORARY_FAILURE,10000,2,unknown,0.15,HUMAN_REVIEW,not_recovered,0
pay_SYN_0180,10000,INR,netbanking,1,PERMANENT_FAILURE,10000,0,unknown,0.34,DO_NOT_RETRY,not_recovered,0
pay_SYN_0984,250000,INR,card,3,BANK_TIMEOUT,250000,2,good,0.1,HUMAN_REVIEW,recovered,250000
pay_SYN_0023,100000,INR,wallet,3,TEMPORARY_FAILURE,100000,2,poor,0.35,HUMAN_REVIEW,not_recovered,0
pay_SYN_0357,25000,INR,card,1,TEMPORARY_FAILURE,25000,0,unknown,0.48,CONTROLLED_RETRY,recovered,25000
pay_SYN_0667,500000,INR,wallet,1,PERMANENT_FAILURE,500000,0,poor,0.19,DO_NOT_RETRY,not_recovered,0
pay_SYN_0862,50000,INR,card,1,BANK_TIMEOUT,50000,0,unknown,0.14,RETRY_LATER,recovered,50000
pay_SYN_0341,50000,INR,netbanking,2,TEMPORARY_FAILURE,50000,1,poor,0.45,CONTROLLED_RETRY,not_recovered,0
pay_SYN_0432,10000,INR,card,2,BANK_TIMEOUT,10000,1,poor,0.62,RETRY_LATER,recovered,10000
pay_SYN_0552,500000,INR,wallet,3,CUSTOMER_ACTION_REQUIRED,500000,2,good,0.35,CUSTOMER_ACTION,not_recovered,0
pay_SYN_0834,1000000,INR,wallet,2,PERMANENT_FAILURE,1000000,1,poor,0.18,DO_NOT_RETRY,not_recovered,0
pay_SYN_0204,50000,INR,card,3,BANK_TIMEOUT,50000,2,average,0.73,HUMAN_REVIEW,recovered,50000
pay_SYN_0631,25000,INR,netbanking,3,BANK_TIMEOUT,25000,2,unknown,0.66,HUMAN_REVIEW,not_recovered,0
pay_SYN_0094,5000000,INR,wallet,2,PERMANENT_FAILURE,5000000,1,good,0.07,DO_NOT_RETRY,not_recovered,0
pay_SYN_0559,250000,INR,wallet,3,CUSTOMER_ACTION_REQUIRED,250000,2,unknown,0.76,CUSTOMER_ACTION,not_recovered,0
pay_SYN_0069,50000,INR,wallet,2,PERMANENT_FAILURE,50000,1,poor,0.6,DO_NOT_RETRY,not_recovered,0
pay_SYN_0623,250000,INR,netbanking,1,BANK_TIMEOUT,250000,0,poor,0.48,RETRY_LATER,not_recovered,0
pay_SYN_0285,100000,INR,netbanking,3,CUSTOMER_ACTION_REQUIRED,100000,2,average,0.51,CUSTOMER_ACTION,recovered,100000
pay_SYN_0845,50000,INR,wallet,1,TEMPORARY_FAILURE,50000,0,poor,0.63,CONTROLLED_RETRY,recovered,50000
pay_SYN_0435,100000,INR,netbanking,2,BANK_TIMEOUT,100000,1,good,0.19,RETRY_LATER,recovered,100000
pay_SYN_0154,1000000,INR,netbanking,1,BANK_TIMEOUT,1000000,0,poor,0.8,HUMAN_REVIEW,recovered,1000000
pay_SYN_0076,5000000,INR,netbanking,3,TEMPORARY_FAILURE,5000000,2,unknown,0.58,HUMAN_REVIEW,not_recovered,0
pay_SYN_0731,100000,INR,netbanking,2,TEMPORARY_FAILURE,100000,1,good,0.46,CONTROLLED_RETRY,not_recovered,0
pay_SYN_0447,10000,INR,card,3,PERMANENT_FAILURE,10000,2,average,0.08,DO_NOT_RETRY,not_recovered,0
pay_SYN_0189,1000000,INR,card,1,BANK_TIMEOUT,1000000,0,poor,0.14,HUMAN_REVIEW,not_recovered,0
pay_SYN_0272,5000000,INR,wallet,2,CUSTOMER_ACTION_REQUIRED,5000000,1,good,0.29,CUSTOMER_ACTION,not_recovered,0
pay_SYN_0237,500000,INR,wallet,3,PERMANENT_FAILURE,500000,2,average,0.76,DO_NOT_RETRY,not_recovered,0
pay_SYN_0488,1000000,INR,wallet,1,BANK_TIMEOUT,1000000,0,unknown,0.65,HUMAN_REVIEW,recovered,1000000
pay_SYN_0118,5000000,INR,netbanking,2,TEMPORARY_FAILURE,5000000,1,good,0.78,CONTROLLED_RETRY,not_recovered,0
pay_SYN_0944,250000,INR,card,3,BANK_TIMEOUT,250000,2,average,0.02,HUMAN_REVIEW,not_recovered,0
pay_SYN_0513,250000,INR,card,2,CUSTOMER_ACTION_REQUIRED,250000,1,good,0.27,CUSTOMER_ACTION,recovered,250000
pay_SYN_0826,250000,INR,card,2,PERMANENT_FAILURE,250000,1,good,0.47,DO_NOT_RETRY,not_recovered,0
pay_SYN_0592,100000,INR,card,1,CUSTOMER_ACTION_REQUIRED,100000,0,average,0.78,CUSTOMER_ACTION,not_recovered,0
pay_SYN_0127,250000,INR,wallet,3,CUSTOMER_ACTION_REQUIRED,250000,2,unknown,0.69,CUSTOMER_ACTION,not_recovered,0
pay_SYN_0117,500000,INR,card,2,CUSTOMER_ACTION_REQUIRED,500000,1,unknown,0.65,CUSTOMER_ACTION,not_recovered,0
pay_SYN_0474,100000,INR,wallet,2,BANK_TIMEOUT,100000,1,good,0.58,RETRY_LATER,recovered,100000
pay_SYN_0694,250000,INR,card,1,BANK_TIMEOUT,250000,0,average,0.11,RETRY_LATER,recovered,250000
pay_SYN_0058,500000,INR,wallet,1,TEMPORARY_FAILURE,500000,0,poor,0.41,CONTROLLED_RETRY,not_recovered,0
pay_SYN_0864,25000,INR,netbanking,3,BANK_TIMEOUT,25000,2,poor,0.62,HUMAN_REVIEW,recovered,25000
pay_SYN_0913,25000,INR,wallet,1,PERMANENT_FAILURE,25000,0,average,0.79,DO_NOT_RETRY,not_recovered,0
pay_SYN_0370,25000,INR,card,1,TEMPORARY_FAILURE,25000,0,good,0.67,CONTROLLED_RETRY,not_recovered,0
pay_SYN_0269,10000,INR,netbanking,3,BANK_TIMEOUT,10000,2,poor,0.64,HUMAN_REVIEW,not_recovered,0
pay_SYN_0047,50000,INR,wallet,2,BANK_TIMEOUT,50000,1,average,0.34,RETRY_LATER,recovered,50000
pay_SYN_0350,100000,INR,wallet,2,BANK_TIMEOUT,100000,1,average,0.3,RETRY_LATER,not_recovered,0
pay_SYN_0196,50000,INR,card,2,BANK_TIMEOUT,50000,1,poor,0.64,RETRY_LATER,not_recovered,0
pay_SYN_1000,250000,INR,wallet,3,BANK_TIMEOUT,250000,2,average,0.32,HUMAN_REVIEW,recovered,250000
pay_SYN_0835,10000,INR,wallet,3,TEMPORARY_FAILURE,10000,2,average,0.57,HUMAN_REVIEW,recovered,10000
pay_SYN_0737,50000,INR,netbanking,2,CUSTOMER_ACTION_REQUIRED,50000,1,unknown,0.6,CUSTOMER_ACTION,not_recovered,0
pay_SYN_0264,500000,INR,netbanking,2,BANK_TIMEOUT,500000,1,unknown,0.23,RETRY_LATER,recovered,500000
pay_SYN_0444,250000,INR,card,1,TEMPORARY_FAILURE,250000,0,good,0.13,CONTROLLED_RETRY,not_recovered,0
pay_SYN_0676,500000,INR,wallet,3,CUSTOMER_ACTION_REQUIRED,500000,2,unknown,0.71,CUSTOMER_ACTION,not_recovered,0
pay_SYN_0305,250000,INR,wallet,2,BANK_TIMEOUT,250000,1,good,0.6,RETRY_LATER,recovered,250000
pay_SYN_0342,25000,INR,wallet,1,UNKNOWN,25000,0,average,0.72,HUMAN_REVIEW,not_recovered,0
pay_SYN_0967,1000000,INR,card,3,TEMPORARY_FAILURE,1000000,2,poor,0.55,HUMAN_REVIEW,not_recovered,0
pay_SYN_0150,100000,INR,wallet,2,PERMANENT_FAILURE,100000,1,poor,0.07,DO_NOT_RETRY,not_recovered,0
pay_SYN_0125,100000,INR,wallet,1,CUSTOMER_ACTION_REQUIRED,100000,0,good,0.22,CUSTOMER_ACTION,not_recovered,0
pay_SYN_0787,250000,INR,card,2,CUSTOMER_ACTION_REQUIRED,250000,1,poor,0.42,CUSTOMER_ACTION,not_recovered,0
pay_SYN_0051,100000,INR,card,3,BANK_TIMEOUT,100000,2,good,0.31,HUMAN_REVIEW,recovered,100000
pay_SYN_0354,1000000,INR,netbanking,2,TEMPORARY_FAILURE,1000000,1,good,0.58,CONTROLLED_RETRY,not_recovered,0
pay_SYN_0928,50000,INR,card,1,TEMPORARY_FAILURE,50000,0,poor,0.1,CONTROLLED_RETRY,recovered,50000
pay_SYN_0143,250000,INR,wallet,3,TEMPORARY_FAILURE,250000,2,unknown,0.22,HUMAN_REVIEW,not_recovered,0
pay_SYN_0471,10000,INR,netbanking,3,CUSTOMER_ACTION_REQUIRED,10000,2,average,0.51,CUSTOMER_ACTION,recovered,10000
pay_SYN_0400,1000000,INR,netbanking,1,UNKNOWN,1000000,0,unknown,0.21,HUMAN_REVIEW,not_recovered,0
pay_SYN_0626,50000,INR,netbanking,1,CUSTOMER_ACTION_REQUIRED,50000,0,average,0.04,CUSTOMER_ACTION,recovered,50000
pay_SYN_0321,1000000,INR,wallet,2,CUSTOMER_ACTION_REQUIRED,1000000,1,average,0.2,CUSTOMER_ACTION,recovered,1000000
pay_SYN_0020,25000,INR,card,2,PERMANENT_FAILURE,25000,1,average,0.05,DO_NOT_RETRY,not_recovered,0
pay_SYN_0810,1000000,INR,card,3,BANK_TIMEOUT,1000000,2,unknown,0.49,HUMAN_REVIEW,recovered,1000000
pay_SYN_0791,100000,INR,netbanking,3,CUSTOMER_ACTION_REQUIRED,100000,2,poor,0.2,CUSTOMER_ACTION,recovered,100000
pay_SYN_0809,5000000,INR,netbanking,2,BANK_TIMEOUT,5000000,1,good,0.08,HUMAN_REVIEW,recovered,5000000
pay_SYN_0408,25000,INR,card,2,CUSTOMER_ACTION_REQUIRED,25000,1,good,0.18,CUSTOMER_ACTION,recovered,25000
pay_SYN_0538,1000000,INR,netbanking,3,CUSTOMER_ACTION_REQUIRED,1000000,2,good,0.23,CUSTOMER_ACTION,not_recovered,0
pay_SYN_0621,25000,INR,wallet,1,TEMPORARY_FAILURE,25000,0,unknown,0.28,CONTROLLED_RETRY,not_recovered,0
pay_SYN_0039,500000,INR,netbanking,1,TEMPORARY_FAILURE,500000,0,poor,0.37,CONTROLLED_RETRY,not_recovered,0
pay_SYN_0176,25000,INR,card,2,PERMANENT_FAILURE,25000,1,good,0.61,DO_NOT_RETRY,not_recovered,0
pay_SYN_0246,5000000,INR,netbanking,3,TEMPORARY_FAILURE,5000000,2,poor,0.37,HUMAN_REVIEW,not_recovered,0
pay_SYN_0829,100000,INR,card,2,PERMANENT_FAILURE,100000,1,poor,0.57,DO_NOT_RETRY,not_recovered,0
pay_SYN_0668,500000,INR,card,2,BANK_TIMEOUT,500000,1,average,0.34,RETRY_LATER,not_recovered,0
pay_SYN_0755,1000000,INR,netbanking,2,UNKNOWN,1000000,1,average,0.12,HUMAN_REVIEW,not_recovered,0
pay_SYN_0859,50000,INR,netbanking,2,CUSTOMER_ACTION_REQUIRED,50000,1,poor,0.37,CUSTOMER_ACTION,not_recovered,0
pay_SYN_0155,100000,INR,wallet,2,BANK_TIMEOUT,100000,1,poor,0.54,RETRY_LATER,not_recovered,0
pay_SYN_0288,250000,INR,card,1,TEMPORARY_FAILURE,250000,0,good,0.52,CONTROLLED_RETRY,recovered,250000
pay_SYN_0603,250000,INR,netbanking,3,PERMANENT_FAILURE,250000,2,poor,0.17,DO_NOT_RETRY,not_recovered,0
pay_SYN_0570,250000,INR,wallet,2,CUSTOMER_ACTION_REQUIRED,250000,1,average,0.16,CUSTOMER_ACTION,not_recovered,0
pay_SYN_0744,100000,INR,netbanking,1,CUSTOMER_ACTION_REQUIRED,100000,0,good,0.09,CUSTOMER_ACTION,recovered,100000
pay_SYN_0018,250000,INR,wallet,3,PERMANENT_FAILURE,250000,2,good,0.7,DO_NOT_RETRY,not_recovered,0
pay_SYN_0128,5000000,INR,card,3,TEMPORARY_FAILURE,5000000,2,unknown,0.36,HUMAN_REVIEW,not_recovered,0
pay_SYN_0323,10000,INR,netbanking,3,BANK_TIMEOUT,10000,2,average,0.38,HUMAN_REVIEW,not_recovered,0
pay_SYN_0256,250000,INR,wallet,2,UNKNOWN,250000,1,average,0.64,HUMAN_REVIEW,not_recovered,0
pay_SYN_0658,5000000,INR,card,3,TEMPORARY_FAILURE,5000000,2,poor,0.15,HUMAN_REVIEW,not_recovered,0
pay_SYN_0965,100000,INR,card,2,BANK_TIMEOUT,100000,1,good,0.37,RETRY_LATER,recovered,100000
pay_SYN_0191,1000000,INR,wallet,2,BANK_TIMEOUT,1000000,1,poor,0.18,HUMAN_REVIEW,not_recovered,0
pay_SYN_0116,25000,INR,card,2,TEMPORARY_FAILURE,25000,1,poor,0.54,CONTROLLED_RETRY,not_recovered,0
pay_SYN_0617,50000,INR,wallet,2,PERMANENT_FAILURE,50000,1,good,0.18,DO_NOT_RETRY,not_recovered,0
pay_SYN_0607,100000,INR,netbanking,1,TEMPORARY_FAILURE,100000,0,average,0.25,CONTROLLED_RETRY,recovered,100000
pay_SYN_0181,500000,INR,card,3,PERMANENT_FAILURE,500000,2,good,0.71,DO_NOT_RETRY,not_recovered,0
pay_SYN_0302,10000,INR,wallet,1,UNKNOWN,10000,0,average,0.13,HUMAN_REVIEW,not_recovered,0
pay_SYN_0760,25000,INR,netbanking,1,TEMPORARY_FAILURE,25000,0,good,0.61,CONTROLLED_RETRY,not_recovered,0
pay_SYN_0713,50000,INR,netbanking,2,CUSTOMER_ACTION_REQUIRED,50000,1,average,0.26,CUSTOMER_ACTION,recovered,50000
pay_SYN_0724,50000,INR,wallet,2,TEMPORARY_FAILURE,50000,1,average,0.43,CONTROLLED_RETRY,not_recovered,0
pay_SYN_0686,500000,INR,card,3,TEMPORARY_FAILURE,500000,2,poor,0.44,HUMAN_REVIEW,recovered,500000
pay_SYN_0980,5000000,INR,card,1,BANK_TIMEOUT,5000000,0,poor,0.71,HUMAN_REVIEW,recovered,5000000
pay_SYN_0518,5000000,INR,wallet,2,TEMPORARY_FAILURE,5000000,1,average,0.67,CONTROLLED_RETRY,not_recovered,0
pay_SYN_0985,10000,INR,wallet,1,TEMPORARY_FAILURE,10000,0,unknown,0.28,CONTROLLED_RETRY,recovered,10000
pay_SYN_0046,250000,INR,netbanking,3,PERMANENT_FAILURE,250000,2,unknown,0.45,DO_NOT_RETRY,not_recovered,0
pay_SYN_0910,10000,INR,card,2,TEMPORARY_FAILURE,10000,1,average,0.63,CONTROLLED_RETRY,recovered,10000
pay_SYN_0158,500000,INR,netbanking,2,UNKNOWN,500000,1,poor,0.05,HUMAN_REVIEW,not_recovered,0
pay_SYN_0852,10000,INR,netbanking,3,UNKNOWN,10000,2,poor,0.76,HUMAN_REVIEW,not_recovered,0
pay_SYN_0172,50000,INR,wallet,1,UNKNOWN,50000,0,good,0.67,HUMAN_REVIEW,recovered,50000
pay_SYN_0017,250000,INR,wallet,2,TEMPORARY_FAILURE,250000,1,unknown,0.13,CONTROLLED_RETRY,recovered,250000
pay_SYN_0512,1000000,INR,wallet,3,BANK_TIMEOUT,1000000,2,poor,0.45,HUMAN_REVIEW,not_recovered,0
pay_SYN_0049,1000000,INR,wallet,1,PERMANENT_FAILURE,1000000,0,average,0.78,DO_NOT_RETRY,not_recovered,0
pay_SYN_0972,1000000,INR,netbanking,2,BANK_TIMEOUT,1000000,1,unknown,0.22,HUMAN_REVIEW,not_recovered,0
pay_SYN_0941,50000,INR,netbanking,2,BANK_TIMEOUT,50000,1,poor,0.44,RETRY_LATER,recovered,50000
pay_SYN_0516,10000,INR,wallet,2,TEMPORARY_FAILURE,10000,1,poor,0.73,CONTROLLED_RETRY,not_recovered,0
pay_SYN_0953,100000,INR,wallet,3,CUSTOMER_ACTION_REQUIRED,100000,2,good,0.33,CUSTOMER_ACTION,not_recovered,0
pay_SYN_0481,250000,INR,wallet,1,TEMPORARY_FAILURE,250000,0,good,0.04,CONTROLLED_RETRY,recovered,250000
pay_SYN_0284,250000,INR,wallet,1,CUSTOMER_ACTION_REQUIRED,250000,0,good,0.49,CUSTOMER_ACTION,not_recovered,0
pay_SYN_0719,5000000,INR,wallet,3,BANK_TIMEOUT,5000000,2,unknown,0.66,HUMAN_REVIEW,not_recovered,0
pay_SYN_0878,10000,INR,netbanking,2,CUSTOMER_ACTION_REQUIRED,10000,1,good,0.36,CUSTOMER_ACTION,recovered,10000
pay_SYN_0226,25000,INR,wallet,2,PERMANENT_FAILURE,25000,1,average,0.04,DO_NOT_RETRY,not_recovered,0
pay_SYN_0027,5000000,INR,netbanking,2,PERMANENT_FAILURE,5000000,1,average,0.08,DO_NOT_RETRY,not_recovered,0
pay_SYN_0955,5000000,INR,wallet,2,CUSTOMER_ACTION_REQUIRED,5000000,1,average,0.57,CUSTOMER_ACTION,recovered,5000000
pay_SYN_0438,50000,INR,wallet,1,TEMPORARY_FAILURE,50000,0,average,0.72,CONTROLLED_RETRY,not_recovered,0
pay_SYN_0952,500000,INR,card,1,TEMPORARY_FAILURE,500000,0,good,0.17,CONTROLLED_RETRY,recovered,500000
pay_SYN_0365,1000000,INR,card,3,BANK_TIMEOUT,1000000,2,unknown,0.47,HUMAN_REVIEW,not_recovered,0
pay_SYN_0230,250000,INR,netbanking,1,PERMANENT_FAILURE,250000,0,poor,0.29,DO_NOT_RETRY,not_recovered,0
pay_SYN_0038,25000,INR,card,3,CUSTOMER_ACTION_REQUIRED,25000,2,poor,0.75,CUSTOMER_ACTION,not_recovered,0
pay_SYN_0966,5000000,INR,card,3,PERMANENT_FAILURE,5000000,2,good,0.07,DO_NOT_RETRY,not_recovered,0
pay_SYN_0375,50000,INR,wallet,2,CUSTOMER_ACTION_REQUIRED,50000,1,good,0.59,CUSTOMER_ACTION,not_recovered,0
pay_SYN_0470,50000,INR,netbanking,3,PERMANENT_FAILURE,50000,2,unknown,0.68,DO_NOT_RETRY,not_recovered,0
pay_SYN_0968,100000,INR,wallet,2,TEMPORARY_FAILURE,100000,1,average,0.69,CONTROLLED_RETRY,not_recovered,0
pay_SYN_0851,1000000,INR,netbanking,2,TEMPORARY_FAILURE,1000000,1,unknown,0.54,CONTROLLED_RETRY,not_recovered,0
pay_SYN_0705,25000,INR,card,1,PERMANENT_FAILURE,25000,0,good,0.46,DO_NOT_RETRY,not_recovered,0
pay_SYN_0842,10000,INR,wallet,1,TEMPORARY_FAILURE,10000,0,good,0.53,CONTROLLED_RETRY,recovered,10000
pay_SYN_0195,5000000,INR,wallet,3,UNKNOWN,5000000,2,poor,0.69,HUMAN_REVIEW,not_recovered,0
pay_SYN_0855,500000,INR,wallet,1,BANK_TIMEOUT,500000,0,good,0.01,RETRY_LATER,recovered,500000
pay_SYN_0865,5000000,INR,netbanking,1,CUSTOMER_ACTION_REQUIRED,5000000,0,good,0.53,CUSTOMER_ACTION,recovered,5000000
pay_SYN_0504,100000,INR,netbanking,2,BANK_TIMEOUT,100000,1,good,0.73,RETRY_LATER,not_recovered,0
pay_SYN_0970,25000,INR,netbanking,2,BANK_TIMEOUT,25000,1,good,0.59,RETRY_LATER,not_recovered,0
pay_SYN_0831,500000,INR,card,3,BANK_TIMEOUT,500000,2,average,0.11,HUMAN_REVIEW,recovered,500000
pay_SYN_0580,5000000,INR,netbanking,3,UNKNOWN,5000000,2,poor,0.6,HUMAN_REVIEW,not_recovered,0
pay_SYN_0969,5000000,INR,wallet,1,TEMPORARY_FAILURE,5000000,0,unknown,0.54,CONTROLLED_RETRY,recovered,5000000
pay_SYN_0163,10000,INR,card,1,PERMANENT_FAILURE,10000,0,poor,0.01,DO_NOT_RETRY,not_recovered,0
pay_SYN_0909,5000000,INR,wallet,3,CUSTOMER_ACTION_REQUIRED,5000000,2,good,0.31,CUSTOMER_ACTION,not_recovered,0
pay_SYN_0153,500000,INR,wallet,1,BANK_TIMEOUT,500000,0,unknown,0.73,RETRY_LATER,recovered,500000
pay_SYN_0802,25000,INR,wallet,1,CUSTOMER_ACTION_REQUIRED,25000,0,average,0.58,CUSTOMER_ACTION,recovered,25000
pay_SYN_0994,5000000,INR,card,1,BANK_TIMEOUT,5000000,0,poor,0.4,HUMAN_REVIEW,recovered,5000000
pay_SYN_0756,50000,INR,netbanking,3,PERMANENT_FAILURE,50000,2,average,0.33,DO_NOT_RETRY,not_recovered,0
pay_SYN_0112,250000,INR,wallet,2,TEMPORARY_FAILURE,250000,1,unknown,0.35,CONTROLLED_RETRY,not_recovered,0
pay_SYN_0227,50000,INR,wallet,3,TEMPORARY_FAILURE,50000,2,unknown,0.51,HUMAN_REVIEW,not_recovered,0
pay_SYN_0689,250000,INR,netbanking,1,TEMPORARY_FAILURE,250000,0,average,0.28,CONTROLLED_RETRY,recovered,250000
pay_SYN_0104,250000,INR,netbanking,1,UNKNOWN,250000,0,unknown,0.49,HUMAN_REVIEW,not_recovered,0
pay_SYN_0422,100000,INR,netbanking,2,BANK_TIMEOUT,100000,1,good,0.36,RETRY_LATER,not_recovered,0
pay_SYN_0420,1000000,INR,card,1,PERMANENT_FAILURE,1000000,0,average,0.22,DO_NOT_RETRY,not_recovered,0
pay_SYN_0751,25000,INR,card,3,TEMPORARY_FAILURE,25000,2,good,0.15,HUMAN_REVIEW,not_recovered,0
pay_SYN_0587,25000,INR,card,1,BANK_TIMEOUT,25000,0,poor,0.26,RETRY_LATER,recovered,25000
pay_SYN_0781,500000,INR,netbanking,1,BANK_TIMEOUT,500000,0,poor,0.26,RETRY_LATER,recovered,500000
pay_SYN_0673,10000,INR,netbanking,2,PERMANENT_FAILURE,10000,1,good,0.36,DO_NOT_RETRY,not_recovered,0
pay_SYN_0120,5000000,INR,wallet,1,TEMPORARY_FAILURE,5000000,0,average,0.21,CONTROLLED_RETRY,recovered,5000000
pay_SYN_0054,250000,INR,card,2,CUSTOMER_ACTION_REQUIRED,250000,1,poor,0.75,CUSTOMER_ACTION,recovered,250000
pay_SYN_0152,500000,INR,netbanking,2,CUSTOMER_ACTION_REQUIRED,500000,1,good,0.5,CUSTOMER_ACTION,not_recovered,0
pay_SYN_0404,250000,INR,netbanking,2,PERMANENT_FAILURE,250000,1,good,0.52,DO_NOT_RETRY,not_recovered,0
pay_SYN_0946,5000000,INR,wallet,2,PERMANENT_FAILURE,5000000,1,good,0.68,DO_NOT_RETRY,not_recovered,0
pay_SYN_0208,100000,INR,netbanking,1,UNKNOWN,100000,0,good,0.24,HUMAN_REVIEW,not_recovered,0
pay_SYN_0659,100000,INR,card,1,PERMANENT_FAILURE,100000,0,average,0.7,DO_NOT_RETRY,not_recovered,0
pay_SYN_0844,50000,INR,wallet,2,TEMPORARY_FAILURE,50000,1,good,0.59,CONTROLLED_RETRY,not_recovered,0
pay_SYN_0763,100000,INR,netbanking,2,CUSTOMER_ACTION_REQUIRED,100000,1,good,0.55,CUSTOMER_ACTION,not_recovered,0
pay_SYN_0009,50000,INR,card,3,TEMPORARY_FAILURE,50000,2,poor,0.56,HUMAN_REVIEW,not_recovered,0
pay_SYN_0808,250000,INR,wallet,1,BANK_TIMEOUT,250000,0,poor,0.49,RETRY_LATER,recovered,250000
pay_SYN_0037,100000,INR,card,3,BANK_TIMEOUT,100000,2,average,0.46,HUMAN_REVIEW,recovered,100000
pay_SYN_0453,10000,INR,wallet,1,CUSTOMER_ACTION_REQUIRED,10000,0,poor,0.4,CUSTOMER_ACTION,not_recovered,0
pay_SYN_0652,1000000,INR,wallet,1,BANK_TIMEOUT,1000000,0,poor,0.27,HUMAN_REVIEW,recovered,1000000
pay_SYN_0254,500000,INR,wallet,1,BANK_TIMEOUT,500000,0,good,0.04,RETRY_LATER,recovered,500000
pay_SYN_0304,10000,INR,card,2,BANK_TIMEOUT,10000,1,unknown,0.45,RETRY_LATER,recovered,10000
pay_SYN_0747,5000000,INR,wallet,1,PERMANENT_FAILURE,5000000,0,good,0.3,DO_NOT_RETRY,not_recovered,0
pay_SYN_0572,50000,INR,wallet,3,CUSTOMER_ACTION_REQUIRED,50000,2,poor,0.57,CUSTOMER_ACTION,not_recovered,0
pay_SYN_0624,100000,INR,card,3,PERMANENT_FAILURE,100000,2,good,0.39,DO_NOT_RETRY,not_recovered,0
pay_SYN_0733,25000,INR,wallet,1,CUSTOMER_ACTION_REQUIRED,25000,0,unknown,0.06,CUSTOMER_ACTION,recovered,25000
pay_SYN_0892,10000,INR,netbanking,2,CUSTOMER_ACTION_REQUIRED,10000,1,average,0.35,CUSTOMER_ACTION,recovered,10000
pay_SYN_0263,10000,INR,netbanking,3,UNKNOWN,10000,2,unknown,0.77,HUMAN_REVIEW,not_recovered,0
pay_SYN_0611,25000,INR,card,1,PERMANENT_FAILURE,25000,0,average,0.21,DO_NOT_RETRY,not_recovered,0
pay_SYN_0298,250000,INR,netbanking,3,TEMPORARY_FAILURE,250000,2,poor,0.55,HUMAN_REVIEW,not_recovered,0
pay_SYN_0415,250000,INR,netbanking,3,CUSTOMER_ACTION_REQUIRED,250000,2,average,0.6,CUSTOMER_ACTION,not_recovered,0
pay_SYN_0151,250000,INR,wallet,2,BANK_TIMEOUT,250000,1,poor,0.47,RETRY_LATER,not_recovered,0
pay_SYN_0789,100000,INR,wallet,1,TEMPORARY_FAILURE,100000,0,good,0.09,CONTROLLED_RETRY,recovered,100000
pay_SYN_0641,500000,INR,wallet,1,TEMPORARY_FAILURE,500000,0,good,0.6,CONTROLLED_RETRY,recovered,500000
pay_SYN_0890,100000,INR,card,3,PERMANENT_FAILURE,100000,2,average,0.22,DO_NOT_RETRY,not_recovered,0
pay_SYN_0551,500000,INR,netbanking,3,PERMANENT_FAILURE,500000,2,average,0.78,DO_NOT_RETRY,not_recovered,0
pay_SYN_0887,50000,INR,wallet,3,CUSTOMER_ACTION_REQUIRED,50000,2,average,0.57,CUSTOMER_ACTION,not_recovered,0
pay_SYN_0489,5000000,INR,wallet,2,PERMANENT_FAILURE,5000000,1,poor,0.06,DO_NOT_RETRY,not_recovered,0
pay_SYN_0148,500000,INR,wallet,2,CUSTOMER_ACTION_REQUIRED,500000,1,average,0.21,CUSTOMER_ACTION,not_recovered,0
pay_SYN_0147,250000,INR,card,1,PERMANENT_FAILURE,250000,0,average,0.11,DO_NOT_RETRY,not_recovered,0
pay_SYN_0721,100000,INR,wallet,3,BANK_TIMEOUT,100000,2,average,0.43,HUMAN_REVIEW,recovered,100000
pay_SYN_0932,10000,INR,netbanking,1,CUSTOMER_ACTION_REQUIRED,10000,0,poor,0.02,CUSTOMER_ACTION,not_recovered,0
pay_SYN_0740,50000,INR,netbanking,1,TEMPORARY_FAILURE,50000,0,unknown,0.32,CONTROLLED_RETRY,recovered,50000
pay_SYN_0660,100000,INR,netbanking,2,PERMANENT_FAILURE,100000,1,average,0.62,DO_NOT_RETRY,not_recovered,0
pay_SYN_0349,1000000,INR,card,3,BANK_TIMEOUT,1000000,2,unknown,0.07,HUMAN_REVIEW,not_recovered,0
pay_SYN_0464,100000,INR,netbanking,1,CUSTOMER_ACTION_REQUIRED,100000,0,poor,0.73,CUSTOMER_ACTION,recovered,100000
pay_SYN_0326,1000000,INR,netbanking,2,CUSTOMER_ACTION_REQUIRED,1000000,1,unknown,0.37,CUSTOMER_ACTION,not_recovered,0
pay_SYN_0187,100000,INR,wallet,3,CUSTOMER_ACTION_REQUIRED,100000,2,poor,0.06,CUSTOMER_ACTION,not_recovered,0
pay_SYN_0124,250000,INR,card,2,PERMANENT_FAILURE,250000,1,average,0.37,DO_NOT_RETRY,not_recovered,0
pay_SYN_0854,100000,INR,wallet,1,CUSTOMER_ACTION_REQUIRED,100000,0,poor,0.54,CUSTOMER_ACTION,not_recovered,0
pay_SYN_0609,50000,INR,netbanking,1,TEMPORARY_FAILURE,50000,0,unknown,0.22,CONTROLLED_RETRY,recovered,50000
pay_SYN_0144,10000,INR,wallet,2,PERMANENT_FAILURE,10000,1,average,0.49,DO_NOT_RETRY,not_recovered,0
pay_SYN_0959,10000,INR,netbanking,1,TEMPORARY_FAILURE,10000,0,good,0.63,CONTROLLED_RETRY,not_recovered,0
pay_SYN_0198,250000,INR,netbanking,1,CUSTOMER_ACTION_REQUIRED,250000,0,unknown,0.37,CUSTOMER_ACTION,not_recovered,0
pay_SYN_0610,500000,INR,card,2,TEMPORARY_FAILURE,500000,1,poor,0.39,CONTROLLED_RETRY,recovered,500000
pay_SYN_0280,100000,INR,card,1,CUSTOMER_ACTION_REQUIRED,100000,0,poor,0.62,CUSTOMER_ACTION,not_recovered,0
pay_SYN_0294,100000,INR,netbanking,3,CUSTOMER_ACTION_REQUIRED,100000,2,unknown,0.66,CUSTOMER_ACTION,not_recovered,0
pay_SYN_0401,500000,INR,wallet,3,CUSTOMER_ACTION_REQUIRED,500000,2,unknown,0.63,CUSTOMER_ACTION,not_recovered,0
pay_SYN_0123,25000,INR,card,3,UNKNOWN,25000,2,average,0.4,HUMAN_REVIEW,not_recovered,0
pay_SYN_0184,5000000,INR,wallet,1,CUSTOMER_ACTION_REQUIRED,5000000,0,average,0.32,CUSTOMER_ACTION,not_recovered,0
pay_SYN_0203,25000,INR,card,3,BANK_TIMEOUT,25000,2,unknown,0.23,HUMAN_REVIEW,not_recovered,0
pay_SYN_0439,500000,INR,card,1,UNKNOWN,500000,0,good,0.4,HUMAN_REVIEW,not_recovered,0
pay_SYN_0247,50000,INR,wallet,1,PERMANENT_FAILURE,50000,0,poor,0.32,DO_NOT_RETRY,not_recovered,0
pay_SYN_0416,10000,INR,netbanking,1,TEMPORARY_FAILURE,10000,0,average,0.4,CONTROLLED_RETRY,recovered,10000
pay_SYN_0933,100000,INR,card,2,TEMPORARY_FAILURE,100000,1,good,0.49,CONTROLLED_RETRY,recovered,100000
pay_SYN_0766,100000,INR,netbanking,2,BANK_TIMEOUT,100000,1,unknown,0.55,RETRY_LATER,not_recovered,0
pay_SYN_0907,25000,INR,netbanking,2,TEMPORARY_FAILURE,25000,1,average,0.56,CONTROLLED_RETRY,not_recovered,0
pay_SYN_0836,500000,INR,netbanking,3,UNKNOWN,500000,2,unknown,0.56,HUMAN_REVIEW,not_recovered,0
pay_SYN_0888,25000,INR,wallet,2,PERMANENT_FAILURE,25000,1,poor,0.34,DO_NOT_RETRY,not_recovered,0
pay_SYN_0130,500000,INR,wallet,2,TEMPORARY_FAILURE,500000,1,unknown,0.79,CONTROLLED_RETRY,not_recovered,0
pay_SYN_0638,500000,INR,card,1,TEMPORARY_FAILURE,500000,0,unknown,0.52,CONTROLLED_RETRY,recovered,500000
pay_SYN_0403,5000000,INR,card,2,BANK_TIMEOUT,5000000,1,average,0.8,HUMAN_REVIEW,not_recovered,0
pay_SYN_0785,250000,INR,card,3,CUSTOMER_ACTION_REQUIRED,250000,2,average,0.56,CUSTOMER_ACTION,not_recovered,0
pay_SYN_0771,50000,INR,card,2,PERMANENT_FAILURE,50000,1,good,0.58,DO_NOT_RETRY,not_recovered,0
pay_SYN_0736,10000,INR,card,2,CUSTOMER_ACTION_REQUIRED,10000,1,average,0.26,CUSTOMER_ACTION,not_recovered,0
pay_SYN_0914,25000,INR,wallet,3,TEMPORARY_FAILURE,25000,2,average,0.6,HUMAN_REVIEW,not_recovered,0
pay_SYN_0220,25000,INR,netbanking,1,TEMPORARY_FAILURE,25000,0,unknown,0.09,CONTROLLED_RETRY,recovered,25000
pay_SYN_0642,50000,INR,netbanking,2,BANK_TIMEOUT,50000,1,poor,0.64,RETRY_LATER,not_recovered,0
pay_SYN_0916,500000,INR,card,3,TEMPORARY_FAILURE,500000,2,good,0.38,HUMAN_REVIEW,not_recovered,0
pay_SYN_0753,500000,INR,card,1,TEMPORARY_FAILURE,500000,0,good,0.28,CONTROLLED_RETRY,recovered,500000
pay_SYN_0807,25000,INR,netbanking,3,CUSTOMER_ACTION_REQUIRED,25000,2,poor,0.22,CUSTOMER_ACTION,not_recovered,0
pay_SYN_0920,10000,INR,card,3,TEMPORARY_FAILURE,10000,2,average,0.38,HUMAN_REVIEW,not_recovered,0
pay_SYN_0625,100000,INR,wallet,2,BANK_TIMEOUT,100000,1,good,0.19,RETRY_LATER,recovered,100000
pay_SYN_0875,25000,INR,netbanking,3,PERMANENT_FAILURE,25000,2,unknown,0.75,DO_NOT_RETRY,not_recovered,0
pay_SYN_0761,1000000,INR,card,3,TEMPORARY_FAILURE,1000000,2,poor,0.12,HUMAN_REVIEW,recovered,1000000
pay_SYN_0387,5000000,INR,wallet,3,CUSTOMER_ACTION_REQUIRED,5000000,2,good,0.21,CUSTOMER_ACTION,not_recovered,0
pay_SYN_0973,250000,INR,wallet,2,UNKNOWN,250000,1,unknown,0.53,HUMAN_REVIEW,not_recovered,0
pay_SYN_0510,50000,INR,wallet,1,PERMANENT_FAILURE,50000,0,poor,0.49,DO_NOT_RETRY,not_recovered,0
pay_SYN_0268,500000,INR,card,2,CUSTOMER_ACTION_REQUIRED,500000,1,average,0.16,CUSTOMER_ACTION,not_recovered,0
pay_SYN_0820,500000,INR,wallet,1,CUSTOMER_ACTION_REQUIRED,500000,0,good,0.59,CUSTOMER_ACTION,not_recovered,0
pay_SYN_0442,25000,INR,netbanking,3,BANK_TIMEOUT,25000,2,good,0.12,HUMAN_REVIEW,recovered,25000
pay_SYN_0497,50000,INR,wallet,3,CUSTOMER_ACTION_REQUIRED,50000,2,unknown,0.03,CUSTOMER_ACTION,not_recovered,0
pay_SYN_0113,1000000,INR,wallet,2,TEMPORARY_FAILURE,1000000,1,good,0.07,CONTROLLED_RETRY,not_recovered,0
pay_SYN_0692,1000000,INR,card,3,BANK_TIMEOUT,1000000,2,unknown,0.66,HUMAN_REVIEW,recovered,1000000
pay_SYN_0233,250000,INR,netbanking,1,PERMANENT_FAILURE,250000,0,unknown,0.48,DO_NOT_RETRY,not_recovered,0
pay_SYN_0870,250000,INR,wallet,3,BANK_TIMEOUT,250000,2,good,0.77,HUMAN_REVIEW,not_recovered,0
pay_SYN_0608,250000,INR,wallet,3,CUSTOMER_ACTION_REQUIRED,250000,2,poor,0.65,CUSTOMER_ACTION,not_recovered,0
pay_SYN_0672,500000,INR,card,3,TEMPORARY_FAILURE,500000,2,good,0.32,HUMAN_REVIEW,not_recovered,0
pay_SYN_0374,500000,INR,wallet,2,TEMPORARY_FAILURE,500000,1,average,0.64,CONTROLLED_RETRY,not_recovered,0
pay_SYN_0982,5000000,INR,wallet,3,CUSTOMER_ACTION_REQUIRED,5000000,2,unknown,0.38,CUSTOMER_ACTION,not_recovered,0
pay_SYN_0843,10000,INR,card,1,TEMPORARY_FAILURE,10000,0,good,0.68,CONTROLLED_RETRY,recovered,10000
pay_SYN_0234,250000,INR,card,2,BANK_TIMEOUT,250000,1,poor,0.25,RETRY_LATER,not_recovered,0
pay_SYN_0786,25000,INR,wallet,3,PERMANENT_FAILURE,25000,2,good,0.39,DO_NOT_RETRY,not_recovered,0
pay_SYN_0677,250000,INR,card,1,CUSTOMER_ACTION_REQUIRED,250000,0,average,0.51,CUSTOMER_ACTION,not_recovered,0
pay_SYN_0318,5000000,INR,netbanking,3,UNKNOWN,5000000,2,unknown,0.63,HUMAN_REVIEW,not_recovered,0
pay_SYN_0649,500000,INR,wallet,3,TEMPORARY_FAILURE,500000,2,average,0.41,HUMAN_REVIEW,not_recovered,0
pay_SYN_0411,50000,INR,card,1,TEMPORARY_FAILURE,50000,0,average,0.74,CONTROLLED_RETRY,not_recovered,0
pay_SYN_0899,100000,INR,card,3,BANK_TIMEOUT,100000,2,good,0.22,HUMAN_REVIEW,recovered,100000
pay_SYN_0710,5000000,INR,wallet,3,TEMPORARY_FAILURE,5000000,2,unknown,0.15,HUMAN_REVIEW,recovered,5000000
pay_SYN_0359,500000,INR,card,3,TEMPORARY_FAILURE,500000,2,average,0.24,HUMAN_REVIEW,not_recovered,0
pay_SYN_0259,1000000,INR,netbanking,3,PERMANENT_FAILURE,1000000,2,good,0.26,DO_NOT_RETRY,not_recovered,0
pay_SYN_0745,50000,INR,card,3,BANK_TIMEOUT,50000,2,good,0.24,HUMAN_REVIEW,not_recovered,0
pay_SYN_0628,250000,INR,netbanking,3,BANK_TIMEOUT,250000,2,unknown,0.69,HUMAN_REVIEW,recovered,250000
pay_SYN_0633,25000,INR,netbanking,1,TEMPORARY_FAILURE,25000,0,good,0.72,CONTROLLED_RETRY,not_recovered,0
pay_SYN_0283,25000,INR,card,3,UNKNOWN,25000,2,poor,0.6,HUMAN_REVIEW,not_recovered,0
pay_SYN_0377,25000,INR,wallet,3,BANK_TIMEOUT,25000,2,average,0.29,HUMAN_REVIEW,recovered,25000
pay_SYN_0385,5000000,INR,card,3,BANK_TIMEOUT,5000000,2,good,0.64,HUMAN_REVIEW,recovered,5000000
pay_SYN_0225,1000000,INR,card,1,TEMPORARY_FAILURE,1000000,0,poor,0.63,CONTROLLED_RETRY,recovered,1000000
pay_SYN_0954,25000,INR,netbanking,2,UNKNOWN,25000,1,poor,0.25,HUMAN_REVIEW,not_recovered,0
pay_SYN_0815,5000000,INR,card,2,BANK_TIMEOUT,5000000,1,good,0.28,HUMAN_REVIEW,recovered,5000000
pay_SYN_0473,25000,INR,wallet,3,CUSTOMER_ACTION_REQUIRED,25000,2,poor,0.36,CUSTOMER_ACTION,not_recovered,0
pay_SYN_0348,1000000,INR,card,2,BANK_TIMEOUT,1000000,1,unknown,0.39,HUMAN_REVIEW,recovered,1000000
pay_SYN_0506,10000,INR,netbanking,3,TEMPORARY_FAILURE,10000,2,unknown,0.14,HUMAN_REVIEW,not_recovered,0
pay_SYN_0640,5000000,INR,netbanking,3,TEMPORARY_FAILURE,5000000,2,unknown,0.2,HUMAN_REVIEW,not_recovered,0
pay_SYN_0988,1000000,INR,wallet,2,CUSTOMER_ACTION_REQUIRED,1000000,1,poor,0.02,CUSTOMER_ACTION,not_recovered,0
pay_SYN_0929,5000000,INR,netbanking,2,UNKNOWN,5000000,1,average,0.0,HUMAN_REVIEW,not_recovered,0
pay_SYN_0906,10000,INR,wallet,1,PERMANENT_FAILURE,10000,0,average,0.29,DO_NOT_RETRY,not_recovered,0
pay_SYN_0620,250000,INR,wallet,3,TEMPORARY_FAILURE,250000,2,average,0.3,HUMAN_REVIEW,not_recovered,0
pay_SYN_0856,25000,INR,wallet,1,TEMPORARY_FAILURE,25000,0,poor,0.2,CONTROLLED_RETRY,recovered,25000
pay_SYN_0804,25000,INR,wallet,3,PERMANENT_FAILURE,25000,2,poor,0.02,DO_NOT_RETRY,not_recovered,0
pay_SYN_0646,50000,INR,wallet,1,TEMPORARY_FAILURE,50000,0,average,0.68,CONTROLLED_RETRY,not_recovered,0
pay_SYN_0847,50000,INR,card,2,PERMANENT_FAILURE,50000,1,unknown,0.19,DO_NOT_RETRY,not_recovered,0
pay_SYN_0557,25000,INR,card,1,TEMPORARY_FAILURE,25000,0,unknown,0.6,CONTROLLED_RETRY,recovered,25000
pay_SYN_0958,1000000,INR,netbanking,1,BANK_TIMEOUT,1000000,0,good,0.38,HUMAN_REVIEW,not_recovered,0
pay_SYN_0578,250000,INR,wallet,2,CUSTOMER_ACTION_REQUIRED,250000,1,unknown,0.33,CUSTOMER_ACTION,not_recovered,0
pay_SYN_0796,500000,INR,card,1,BANK_TIMEOUT,500000,0,poor,0.67,RETRY_LATER,recovered,500000
pay_SYN_0086,10000,INR,card,3,CUSTOMER_ACTION_REQUIRED,10000,2,poor,0.06,CUSTOMER_ACTION,not_recovered,0
pay_SYN_0243,25000,INR,card,3,BANK_TIMEOUT,25000,2,unknown,0.8,HUMAN_REVIEW,not_recovered,0
pay_SYN_0699,50000,INR,netbanking,2,TEMPORARY_FAILURE,50000,1,good,0.43,CONTROLLED_RETRY,recovered,50000
pay_SYN_0160,50000,INR,wallet,3,BANK_TIMEOUT,50000,2,average,0.47,HUMAN_REVIEW,not_recovered,0
pay_SYN_0525,50000,INR,netbanking,3,TEMPORARY_FAILURE,50000,2,average,0.25,HUMAN_REVIEW,recovered,50000
pay_SYN_0036,50000,INR,netbanking,1,UNKNOWN,50000,0,average,0.05,HUMAN_REVIEW,recovered,50000
pay_SYN_0541,25000,INR,netbanking,3,PERMANENT_FAILURE,25000,2,unknown,0.12,DO_NOT_RETRY,not_recovered,0
pay_SYN_0171,1000000,INR,wallet,2,BANK_TIMEOUT,1000000,1,poor,0.53,HUMAN_REVIEW,recovered,1000000
pay_SYN_0655,5000000,INR,netbanking,2,TEMPORARY_FAILURE,5000000,1,average,0.54,CONTROLLED_RETRY,recovered,5000000
pay_SYN_0891,50000,INR,wallet,2,PERMANENT_FAILURE,50000,1,unknown,0.14,DO_NOT_RETRY,not_recovered,0
pay_SYN_0858,25000,INR,netbanking,1,PERMANENT_FAILURE,25000,0,unknown,0.53,DO_NOT_RETRY,not_recovered,0
pay_SYN_0848,50000,INR,netbanking,2,CUSTOMER_ACTION_REQUIRED,50000,1,good,0.51,CUSTOMER_ACTION,not_recovered,0
pay_SYN_0945,5000000,INR,netbanking,2,CUSTOMER_ACTION_REQUIRED,5000000,1,unknown,0.45,CUSTOMER_ACTION,not_recovered,0
pay_SYN_0734,500000,INR,card,2,PERMANENT_FAILURE,500000,1,unknown,0.74,DO_NOT_RETRY,not_recovered,0
pay_SYN_0096,500000,INR,card,2,PERMANENT_FAILURE,500000,1,poor,0.2,DO_NOT_RETRY,not_recovered,0
pay_SYN_0564,25000,INR,card,1,BANK_TIMEOUT,25000,0,poor,0.09,RETRY_LATER,recovered,25000
pay_SYN_0241,50000,INR,card,3,CUSTOMER_ACTION_REQUIRED,50000,2,good,0.21,CUSTOMER_ACTION,not_recovered,0
pay_SYN_0743,10000,INR,card,2,BANK_TIMEOUT,10000,1,unknown,0.5,RETRY_LATER,recovered,10000
pay_SYN_0575,10000,INR,netbanking,1,TEMPORARY_FAILURE,10000,0,poor,0.55,CONTROLLED_RETRY,recovered,10000
pay_SYN_0691,250000,INR,wallet,1,BANK_TIMEOUT,250000,0,poor,0.15,RETRY_LATER,not_recovered,0
pay_SYN_0461,50000,INR,netbanking,2,BANK_TIMEOUT,50000,1,poor,0.73,RETRY_LATER,recovered,50000
pay_SYN_0554,10000,INR,netbanking,1,CUSTOMER_ACTION_REQUIRED,10000,0,unknown,0.68,CUSTOMER_ACTION,not_recovered,0
pay_SYN_0889,100000,INR,netbanking,1,UNKNOWN,100000,0,poor,0.69,HUMAN_REVIEW,not_recovered,0
pay_SYN_0207,500000,INR,netbanking,1,TEMPORARY_FAILURE,500000,0,average,0.27,CONTROLLED_RETRY,not_recovered,0
pay_SYN_0393,250000,INR,wallet,2,CUSTOMER_ACTION_REQUIRED,250000,1,poor,0.23,CUSTOMER_ACTION,not_recovered,0
pay_SYN_0795,10000,INR,wallet,3,TEMPORARY_FAILURE,10000,2,poor,0.44,HUMAN_REVIEW,recovered,10000
pay_SYN_0398,500000,INR,card,2,UNKNOWN,500000,1,good,0.7,HUMAN_REVIEW,not_recovered,0
pay_SYN_0767,100000,INR,card,1,TEMPORARY_FAILURE,100000,0,unknown,0.58,CONTROLLED_RETRY,recovered,100000
pay_SYN_0849,25000,INR,netbanking,2,BANK_TIMEOUT,25000,1,unknown,0.24,RETRY_LATER,not_recovered,0
pay_SYN_0218,100000,INR,netbanking,1,TEMPORARY_FAILURE,100000,0,poor,0.63,CONTROLLED_RETRY,recovered,100000
pay_SYN_0005,500000,INR,netbanking,1,BANK_TIMEOUT,500000,0,poor,0.68,RETRY_LATER,not_recovered,0
pay_SYN_0769,1000000,INR,wallet,2,BANK_TIMEOUT,1000000,1,good,0.15,HUMAN_REVIEW,recovered,1000000
pay_SYN_0643,10000,INR,netbanking,3,TEMPORARY_FAILURE,10000,2,good,0.64,HUMAN_REVIEW,not_recovered,0
pay_SYN_0930,500000,INR,wallet,2,PERMANENT_FAILURE,500000,1,poor,0.78,DO_NOT_RETRY,not_recovered,0
pay_SYN_0613,100000,INR,netbanking,3,CUSTOMER_ACTION_REQUIRED,100000,2,unknown,0.52,CUSTOMER_ACTION,recovered,100000
pay_SYN_0739,10000,INR,wallet,1,TEMPORARY_FAILURE,10000,0,unknown,0.4,CONTROLLED_RETRY,not_recovered,0
pay_SYN_0547,5000000,INR,card,1,CUSTOMER_ACTION_REQUIRED,5000000,0,good,0.11,CUSTOMER_ACTION,not_recovered,0
pay_SYN_0726,500000,INR,wallet,3,BANK_TIMEOUT,500000,2,average,0.3,HUMAN_REVIEW,not_recovered,0
pay_SYN_0684,25000,INR,wallet,2,UNKNOWN,25000,1,poor,0.18,HUMAN_REVIEW,not_recovered,0
pay_SYN_0099,250000,INR,netbanking,2,TEMPORARY_FAILURE,250000,1,good,0.57,CONTROLLED_RETRY,recovered,250000
pay_SYN_0805,100000,INR,card,2,BANK_TIMEOUT,100000,1,poor,0.43,RETRY_LATER,not_recovered,0
pay_SYN_0728,250000,INR,wallet,1,BANK_TIMEOUT,250000,0,poor,0.01,RETRY_LATER,not_recovered,0
pay_SYN_0574,250000,INR,card,3,PERMANENT_FAILURE,250000,2,good,0.02,DO_NOT_RETRY,not_recovered,0
pay_SYN_0407,50000,INR,wallet,3,BANK_TIMEOUT,50000,2,unknown,0.01,HUMAN_REVIEW,not_recovered,0
pay_SYN_0503,1000000,INR,netbanking,3,PERMANENT_FAILURE,1000000,2,good,0.14,DO_NOT_RETRY,not_recovered,0
pay_SYN_0048,500000,INR,netbanking,1,PERMANENT_FAILURE,500000,0,average,0.53,DO_NOT_RETRY,not_recovered,0
pay_SYN_0033,50000,INR,card,2,BANK_TIMEOUT,50000,1,poor,0.74,RETRY_LATER,not_recovered,0
pay_SYN_0780,10000,INR,netbanking,2,PERMANENT_FAILURE,10000,1,average,0.04,DO_NOT_RETRY,not_recovered,0
pay_SYN_0840,5000000,INR,wallet,2,PERMANENT_FAILURE,5000000,1,poor,0.77,DO_NOT_RETRY,not_recovered,0
pay_SYN_0201,100000,INR,wallet,2,TEMPORARY_FAILURE,100000,1,average,0.29,CONTROLLED_RETRY,not_recovered,0
pay_SYN_0135,5000000,INR,wallet,1,BANK_TIMEOUT,5000000,0,average,0.5,HUMAN_REVIEW,not_recovered,0
pay_SYN_0028,500000,INR,card,3,TEMPORARY_FAILURE,500000,2,good,0.54,HUMAN_REVIEW,not_recovered,0
pay_SYN_0881,50000,INR,card,1,PERMANENT_FAILURE,50000,0,good,0.47,DO_NOT_RETRY,not_recovered,0
pay_SYN_0231,500000,INR,card,2,BANK_TIMEOUT,500000,1,unknown,0.71,RETRY_LATER,not_recovered,0
pay_SYN_0490,10000,INR,wallet,3,CUSTOMER_ACTION_REQUIRED,10000,2,average,0.1,CUSTOMER_ACTION,not_recovered,0
pay_SYN_0773,100000,INR,card,2,BANK_TIMEOUT,100000,1,average,0.57,RETRY_LATER,recovered,100000
pay_SYN_0379,25000,INR,card,2,TEMPORARY_FAILURE,25000,1,average,0.65,CONTROLLED_RETRY,not_recovered,0
pay_SYN_0289,10000,INR,netbanking,1,TEMPORARY_FAILURE,10000,0,good,0.8,CONTROLLED_RETRY,recovered,10000
pay_SYN_0419,250000,INR,netbanking,1,BANK_TIMEOUT,250000,0,unknown,0.41,RETRY_LATER,recovered,250000
pay_SYN_0675,100000,INR,wallet,3,CUSTOMER_ACTION_REQUIRED,100000,2,average,0.78,CUSTOMER_ACTION,not_recovered,0
pay_SYN_0392,1000000,INR,netbanking,1,CUSTOMER_ACTION_REQUIRED,1000000,0,average,0.64,CUSTOMER_ACTION,not_recovered,0
pay_SYN_0593,10000,INR,wallet,3,BANK_TIMEOUT,10000,2,average,0.69,HUMAN_REVIEW,not_recovered,0
pay_SYN_0499,10000,INR,card,2,PERMANENT_FAILURE,10000,1,poor,0.22,DO_NOT_RETRY,not_recovered,0
pay_SYN_0139,1000000,INR,wallet,2,CUSTOMER_ACTION_REQUIRED,1000000,1,average,0.19,CUSTOMER_ACTION,not_recovered,0
pay_SYN_0063,500000,INR,netbanking,1,PERMANENT_FAILURE,500000,0,poor,0.18,DO_NOT_RETRY,not_recovered,0
pay_SYN_0472,5000000,INR,netbanking,1,TEMPORARY_FAILURE,5000000,0,average,0.28,CONTROLLED_RETRY,recovered,5000000
pay_SYN_0648,500000,INR,netbanking,1,CUSTOMER_ACTION_REQUIRED,500000,0,good,0.8,CUSTOMER_ACTION,not_recovered,0
pay_SYN_0129,100000,INR,wallet,2,BANK_TIMEOUT,100000,1,average,0.68,RETRY_LATER,recovered,100000
pay_SYN_0977,250000,INR,wallet,1,CUSTOMER_ACTION_REQUIRED,250000,0,unknown,0.63,CUSTOMER_ACTION,recovered,250000
pay_SYN_0521,250000,INR,card,2,PERMANENT_FAILURE,250000,1,poor,0.21,DO_NOT_RETRY,not_recovered,0
pay_SYN_0839,250000,INR,wallet,2,BANK_TIMEOUT,250000,1,good,0.38,RETRY_LATER,recovered,250000
pay_SYN_0963,10000,INR,wallet,1,BANK_TIMEOUT,10000,0,unknown,0.29,RETRY_LATER,recovered,10000
pay_SYN_0065,100000,INR,wallet,2,CUSTOMER_ACTION_REQUIRED,100000,1,unknown,0.2,CUSTOMER_ACTION,not_recovered,0
pay_SYN_0813,5000000,INR,card,1,BANK_TIMEOUT,5000000,0,average,0.69,HUMAN_REVIEW,recovered,5000000
pay_SYN_0015,25000,INR,netbanking,3,CUSTOMER_ACTION_REQUIRED,25000,2,unknown,0.48,CUSTOMER_ACTION,not_recovered,0
pay_SYN_0157,1000000,INR,card,2,BANK_TIMEOUT,1000000,1,average,0.35,HUMAN_REVIEW,not_recovered,0
pay_SYN_0041,250000,INR,netbanking,1,UNKNOWN,250000,0,average,0.3,HUMAN_REVIEW,recovered,250000
pay_SYN_0493,25000,INR,netbanking,2,TEMPORARY_FAILURE,25000,1,poor,0.69,CONTROLLED_RETRY,not_recovered,0
pay_SYN_0380,250000,INR,wallet,3,CUSTOMER_ACTION_REQUIRED,250000,2,average,0.25,CUSTOMER_ACTION,not_recovered,0
pay_SYN_0188,10000,INR,card,1,BANK_TIMEOUT,10000,0,poor,0.46,RETRY_LATER,recovered,10000
pay_SYN_0764,5000000,INR,wallet,1,CUSTOMER_ACTION_REQUIRED,5000000,0,unknown,0.39,CUSTOMER_ACTION,recovered,5000000
pay_SYN_0217,1000000,INR,netbanking,2,TEMPORARY_FAILURE,1000000,1,average,0.31,CONTROLLED_RETRY,recovered,1000000
pay_SYN_0792,250000,INR,wallet,1,CUSTOMER_ACTION_REQUIRED,250000,0,good,0.55,CUSTOMER_ACTION,recovered,250000
pay_SYN_0053,100000,INR,netbanking,1,BANK_TIMEOUT,100000,0,unknown,0.26,RETRY_LATER,not_recovered,0
pay_SYN_0879,25000,INR,netbanking,3,BANK_TIMEOUT,25000,2,average,0.05,HUMAN_REVIEW,recovered,25000
pay_SYN_0338,500000,INR,card,1,PERMANENT_FAILURE,500000,0,poor,0.77,DO_NOT_RETRY,not_recovered,0
pay_SYN_0749,10000,INR,card,1,CUSTOMER_ACTION_REQUIRED,10000,0,good,0.31,CUSTOMER_ACTION,recovered,10000
pay_SYN_0720,10000,INR,wallet,1,TEMPORARY_FAILURE,10000,0,good,0.67,CONTROLLED_RETRY,recovered,10000
pay_SYN_0725,500000,INR,card,2,CUSTOMER_ACTION_REQUIRED,500000,1,poor,0.33,CUSTOMER_ACTION,not_recovered,0
pay_SYN_0296,10000,INR,card,2,TEMPORARY_FAILURE,10000,1,poor,0.76,CONTROLLED_RETRY,not_recovered,0
pay_SYN_0702,100000,INR,card,2,TEMPORARY_FAILURE,100000,1,poor,0.13,CONTROLLED_RETRY,not_recovered,0
pay_SYN_0252,250000,INR,netbanking,3,TEMPORARY_FAILURE,250000,2,poor,0.1,HUMAN_REVIEW,not_recovered,0
pay_SYN_0727,250000,INR,card,2,UNKNOWN,250000,1,unknown,0.0,HUMAN_REVIEW,recovered,250000
pay_SYN_0462,500000,INR,wallet,3,CUSTOMER_ACTION_REQUIRED,500000,2,average,0.67,CUSTOMER_ACTION,not_recovered,0
pay_SYN_0456,500000,INR,card,2,CUSTOMER_ACTION_REQUIRED,500000,1,poor,0.73,CUSTOMER_ACTION,not_recovered,0
pay_SYN_0997,5000000,INR,card,3,UNKNOWN,5000000,2,unknown,0.75,HUMAN_REVIEW,not_recovered,0
pay_SYN_0816,50000,INR,card,3,PERMANENT_FAILURE,50000,2,average,0.41,DO_NOT_RETRY,not_recovered,0
pay_SYN_0863,50000,INR,wallet,1,PERMANENT_FAILURE,50000,0,good,0.73,DO_NOT_RETRY,not_recovered,0
pay_SYN_0270,50000,INR,wallet,1,PERMANENT_FAILURE,50000,0,poor,0.75,DO_NOT_RETRY,not_recovered,0
pay_SYN_0202,1000000,INR,card,3,PERMANENT_FAILURE,1000000,2,good,0.63,DO_NOT_RETRY,not_recovered,0
pay_SYN_0162,50000,INR,wallet,1,TEMPORARY_FAILURE,50000,0,good,0.53,CONTROLLED_RETRY,recovered,50000
pay_SYN_0556,1000000,INR,card,1,PERMANENT_FAILURE,1000000,0,unknown,0.36,DO_NOT_RETRY,not_recovered,0
pay_SYN_0730,50000,INR,netbanking,2,BANK_TIMEOUT,50000,1,average,0.11,RETRY_LATER,recovered,50000
pay_SYN_0402,10000,INR,netbanking,2,BANK_TIMEOUT,10000,1,good,0.1,RETRY_LATER,not_recovered,0
pay_SYN_0703,25000,INR,card,2,TEMPORARY_FAILURE,25000,1,average,0.29,CONTROLLED_RETRY,recovered,25000
pay_SYN_0477,10000,INR,card,2,BANK_TIMEOUT,10000,1,good,0.06,RETRY_LATER,recovered,10000
pay_SYN_0822,50000,INR,card,1,UNKNOWN,50000,0,good,0.55,HUMAN_REVIEW,not_recovered,0
pay_SYN_0772,50000,INR,card,2,TEMPORARY_FAILURE,50000,1,good,0.14,CONTROLLED_RETRY,not_recovered,0
pay_SYN_0106,250000,INR,wallet,3,CUSTOMER_ACTION_REQUIRED,250000,2,good,0.76,CUSTOMER_ACTION,not_recovered,0
pay_SYN_0566,10000,INR,wallet,3,UNKNOWN,10000,2,unknown,0.74,HUMAN_REVIEW,not_recovered,0
pay_SYN_0390,250000,INR,card,1,PERMANENT_FAILURE,250000,0,unknown,0.69,DO_NOT_RETRY,not_recovered,0
pay_SYN_0002,25000,INR,wallet,1,TEMPORARY_FAILURE,25000,0,good,0.17,CONTROLLED_RETRY,recovered,25000
pay_SYN_0938,1000000,INR,card,3,TEMPORARY_FAILURE,1000000,2,unknown,0.58,HUMAN_REVIEW,not_recovered,0
pay_SYN_0983,10000,INR,card,3,TEMPORARY_FAILURE,10000,2,unknown,0.49,HUMAN_REVIEW,not_recovered,0
pay_SYN_0562,250000,INR,wallet,3,CUSTOMER_ACTION_REQUIRED,250000,2,good,0.04,CUSTOMER_ACTION,recovered,250000
pay_SYN_0081,100000,INR,netbanking,1,CUSTOMER_ACTION_REQUIRED,100000,0,average,0.38,CUSTOMER_ACTION,recovered,100000
pay_SYN_0206,500000,INR,netbanking,3,CUSTOMER_ACTION_REQUIRED,500000,2,good,0.52,CUSTOMER_ACTION,not_recovered,0
pay_SYN_0035,10000,INR,wallet,1,PERMANENT_FAILURE,10000,0,poor,0.05,DO_NOT_RETRY,not_recovered,0
pay_SYN_0776,50000,INR,netbanking,1,PERMANENT_FAILURE,50000,0,good,0.34,DO_NOT_RETRY,not_recovered,0
pay_SYN_0509,250000,INR,wallet,1,TEMPORARY_FAILURE,250000,0,good,0.38,CONTROLLED_RETRY,recovered,250000
pay_SYN_0428,25000,INR,netbanking,1,PERMANENT_FAILURE,25000,0,good,0.69,DO_NOT_RETRY,not_recovered,0
pay_SYN_0455,100000,INR,wallet,3,UNKNOWN,100000,2,good,0.79,HUMAN_REVIEW,not_recovered,0
pay_SYN_0367,500000,INR,netbanking,1,CUSTOMER_ACTION_REQUIRED,500000,0,unknown,0.77,CUSTOMER_ACTION,recovered,500000
pay_SYN_0092,250000,INR,card,3,TEMPORARY_FAILURE,250000,2,poor,0.44,HUMAN_REVIEW,not_recovered,0
pay_SYN_0340,10000,INR,netbanking,2,TEMPORARY_FAILURE,10000,1,unknown,0.04,CONTROLLED_RETRY,recovered,10000
pay_SYN_0898,1000000,INR,card,3,BANK_TIMEOUT,1000000,2,average,0.51,HUMAN_REVIEW,not_recovered,0
pay_SYN_0565,25000,INR,card,3,TEMPORARY_FAILURE,25000,2,average,0.77,HUMAN_REVIEW,recovered,25000
pay_SYN_0346,500000,INR,card,1,PERMANENT_FAILURE,500000,0,good,0.4,DO_NOT_RETRY,not_recovered,0
pay_SYN_0777,5000000,INR,card,1,CUSTOMER_ACTION_REQUIRED,5000000,0,average,0.77,CUSTOMER_ACTION,recovered,5000000
pay_SYN_0242,5000000,INR,netbanking,2,UNKNOWN,5000000,1,unknown,0.16,HUMAN_REVIEW,not_recovered,0
pay_SYN_0014,1000000,INR,card,1,BANK_TIMEOUT,1000000,0,unknown,0.07,HUMAN_REVIEW,recovered,1000000
pay_SYN_0316,500000,INR,wallet,3,CUSTOMER_ACTION_REQUIRED,500000,2,poor,0.19,CUSTOMER_ACTION,not_recovered,0
pay_SYN_0601,250000,INR,wallet,3,BANK_TIMEOUT,250000,2,poor,0.77,HUMAN_REVIEW,recovered,250000
pay_SYN_0388,500000,INR,wallet,1,PERMANENT_FAILURE,500000,0,unknown,0.44,DO_NOT_RETRY,not_recovered,0
pay_SYN_0274,100000,INR,wallet,2,BANK_TIMEOUT,100000,1,average,0.42,RETRY_LATER,not_recovered,0
pay_SYN_0167,1000000,INR,wallet,3,BANK_TIMEOUT,1000000,2,unknown,0.06,HUMAN_REVIEW,recovered,1000000
pay_SYN_0841,250000,INR,netbanking,3,BANK_TIMEOUT,250000,2,poor,0.58,HUMAN_REVIEW,not_recovered,0
pay_SYN_0993,100000,INR,wallet,1,PERMANENT_FAILURE,100000,0,good,0.47,DO_NOT_RETRY,not_recovered,0
pay_SYN_0647,250000,INR,netbanking,3,BANK_TIMEOUT,250000,2,average,0.49,HUMAN_REVIEW,not_recovered,0
pay_SYN_0819,500000,INR,netbanking,3,PERMANENT_FAILURE,500000,2,unknown,0.63,DO_NOT_RETRY,not_recovered,0
pay_SYN_0485,25000,INR,wallet,1,CUSTOMER_ACTION_REQUIRED,25000,0,poor,0.71,CUSTOMER_ACTION,not_recovered,0
pay_SYN_0981,1000000,INR,netbanking,2,TEMPORARY_FAILURE,1000000,1,unknown,0.61,CONTROLLED_RETRY,not_recovered,0
pay_SYN_0505,250000,INR,card,3,PERMANENT_FAILURE,250000,2,unknown,0.51,DO_NOT_RETRY,not_recovered,0
pay_SYN_0832,10000,INR,netbanking,2,PERMANENT_FAILURE,10000,1,unknown,0.78,DO_NOT_RETRY,not_recovered,0
pay_SYN_0244,500000,INR,wallet,1,TEMPORARY_FAILURE,500000,0,poor,0.71,CONTROLLED_RETRY,not_recovered,0
pay_SYN_0567,50000,INR,wallet,3,CUSTOMER_ACTION_REQUIRED,50000,2,average,0.08,CUSTOMER_ACTION,not_recovered,0
pay_SYN_0876,50000,INR,wallet,1,CUSTOMER_ACTION_REQUIRED,50000,0,good,0.59,CUSTOMER_ACTION,recovered,50000
pay_SYN_0563,50000,INR,wallet,2,PERMANENT_FAILURE,50000,1,good,0.2,DO_NOT_RETRY,not_recovered,0
pay_SYN_0687,50000,INR,wallet,3,CUSTOMER_ACTION_REQUIRED,50000,2,unknown,0.42,CUSTOMER_ACTION,not_recovered,0
pay_SYN_0190,5000000,INR,wallet,1,UNKNOWN,5000000,0,unknown,0.68,HUMAN_REVIEW,not_recovered,0
pay_SYN_0783,50000,INR,card,2,PERMANENT_FAILURE,50000,1,good,0.07,DO_NOT_RETRY,not_recovered,0
pay_SYN_0700,250000,INR,card,1,PERMANENT_FAILURE,250000,0,average,0.31,DO_NOT_RETRY,not_recovered,0
pay_SYN_0476,1000000,INR,netbanking,3,PERMANENT_FAILURE,1000000,2,average,0.13,DO_NOT_RETRY,not_recovered,0
pay_SYN_0682,25000,INR,netbanking,1,BANK_TIMEOUT,25000,0,good,0.05,RETRY_LATER,not_recovered,0
pay_SYN_0511,250000,INR,card,2,PERMANENT_FAILURE,250000,1,unknown,0.2,DO_NOT_RETRY,not_recovered,0
pay_SYN_0059,500000,INR,card,3,CUSTOMER_ACTION_REQUIRED,500000,2,average,0.15,CUSTOMER_ACTION,not_recovered,0
pay_SYN_0475,5000000,INR,wallet,1,TEMPORARY_FAILURE,5000000,0,unknown,0.39,CONTROLLED_RETRY,recovered,5000000
pay_SYN_0561,5000000,INR,netbanking,3,BANK_TIMEOUT,5000000,2,average,0.0,HUMAN_REVIEW,recovered,5000000
pay_SYN_0857,25000,INR,netbanking,3,UNKNOWN,25000,2,average,0.76,HUMAN_REVIEW,not_recovered,0
pay_SYN_0748,10000,INR,card,2,BANK_TIMEOUT,10000,1,average,0.63,RETRY_LATER,not_recovered,0
pay_SYN_0253,25000,INR,wallet,3,CUSTOMER_ACTION_REQUIRED,25000,2,average,0.14,CUSTOMER_ACTION,not_recovered,0
pay_SYN_0022,50000,INR,card,3,CUSTOMER_ACTION_REQUIRED,50000,2,unknown,0.77,CUSTOMER_ACTION,not_recovered,0
pay_SYN_0314,10000,INR,card,3,CUSTOMER_ACTION_REQUIRED,10000,2,good,0.2,CUSTOMER_ACTION,recovered,10000
pay_SYN_0460,10000,INR,netbanking,2,CUSTOMER_ACTION_REQUIRED,10000,1,poor,0.75,CUSTOMER_ACTION,not_recovered,0
pay_SYN_0161,100000,INR,card,3,PERMANENT_FAILURE,100000,2,good,0.22,DO_NOT_RETRY,not_recovered,0
pay_SYN_0277,5000000,INR,wallet,3,PERMANENT_FAILURE,5000000,2,average,0.41,DO_NOT_RETRY,not_recovered,0
pay_SYN_0956,25000,INR,netbanking,3,BANK_TIMEOUT,25000,2,average,0.55,HUMAN_REVIEW,recovered,25000
pay_SYN_0192,25000,INR,wallet,3,CUSTOMER_ACTION_REQUIRED,25000,2,average,0.72,CUSTOMER_ACTION,not_recovered,0
pay_SYN_0386,10000,INR,card,2,BANK_TIMEOUT,10000,1,average,0.62,RETRY_LATER,not_recovered,0
pay_SYN_0806,25000,INR,card,2,BANK_TIMEOUT,25000,1,good,0.01,RETRY_LATER,not_recovered,0
pay_SYN_0414,100000,INR,wallet,3,CUSTOMER_ACTION_REQUIRED,100000,2,poor,0.62,CUSTOMER_ACTION,not_recovered,0
pay_SYN_0492,1000000,INR,netbanking,3,UNKNOWN,1000000,2,average,0.67,HUMAN_REVIEW,not_recovered,0
pay_SYN_0344,10000,INR,netbanking,2,UNKNOWN,10000,1,good,0.77,HUMAN_REVIEW,not_recovered,0
pay_SYN_0770,250000,INR,card,2,TEMPORARY_FAILURE,250000,1,poor,0.49,CONTROLLED_RETRY,recovered,250000
pay_SYN_0309,1000000,INR,netbanking,3,CUSTOMER_ACTION_REQUIRED,1000000,2,average,0.52,CUSTOMER_ACTION,not_recovered,0
pay_SYN_0662,10000,INR,card,2,TEMPORARY_FAILURE,10000,1,unknown,0.72,CONTROLLED_RETRY,not_recovered,0
pay_SYN_0131,50000,INR,card,1,UNKNOWN,50000,0,poor,0.7,HUMAN_REVIEW,not_recovered,0
pay_SYN_0664,50000,INR,netbanking,2,CUSTOMER_ACTION_REQUIRED,50000,1,unknown,0.75,CUSTOMER_ACTION,recovered,50000
pay_SYN_0872,5000000,INR,wallet,1,BANK_TIMEOUT,5000000,0,average,0.02,HUMAN_REVIEW,not_recovered,0
pay_SYN_0100,10000,INR,netbanking,3,CUSTOMER_ACTION_REQUIRED,10000,2,average,0.51,CUSTOMER_ACTION,not_recovered,0
pay_SYN_0373,25000,INR,wallet,3,PERMANENT_FAILURE,25000,2,average,0.41,DO_NOT_RETRY,not_recovered,0
pay_SYN_0088,5000000,INR,wallet,1,BANK_TIMEOUT,5000000,0,poor,0.49,HUMAN_REVIEW,not_recovered,0
pay_SYN_0459,50000,INR,netbanking,1,BANK_TIMEOUT,50000,0,poor,0.43,RETRY_LATER,not_recovered,0
pay_SYN_0331,500000,INR,card,2,PERMANENT_FAILURE,500000,1,unknown,0.37,DO_NOT_RETRY,not_recovered,0
pay_SYN_0215,25000,INR,card,1,BANK_TIMEOUT,25000,0,poor,0.36,RETRY_LATER,recovered,25000
pay_SYN_0467,1000000,INR,wallet,2,BANK_TIMEOUT,1000000,1,poor,0.11,HUMAN_REVIEW,recovered,1000000
pay_SYN_0122,100000,INR,wallet,3,BANK_TIMEOUT,100000,2,good,0.44,HUMAN_REVIEW,recovered,100000
pay_SYN_0615,25000,INR,card,1,TEMPORARY_FAILURE,25000,0,average,0.68,CONTROLLED_RETRY,not_recovered,0
pay_SYN_0021,25000,INR,netbanking,1,PERMANENT_FAILURE,25000,0,average,0.1,DO_NOT_RETRY,not_recovered,0
pay_SYN_0701,100000,INR,wallet,1,UNKNOWN,100000,0,unknown,0.59,HUMAN_REVIEW,recovered,100000
pay_SYN_0072,50000,INR,wallet,2,BANK_TIMEOUT,50000,1,unknown,0.26,RETRY_LATER,recovered,50000
pay_SYN_0107,100000,INR,card,1,CUSTOMER_ACTION_REQUIRED,100000,0,average,0.14,CUSTOMER_ACTION,recovered,100000
pay_SYN_0271,1000000,INR,wallet,2,PERMANENT_FAILURE,1000000,1,poor,0.41,DO_NOT_RETRY,not_recovered,0
pay_SYN_0861,250000,INR,netbanking,2,TEMPORARY_FAILURE,250000,1,good,0.21,CONTROLLED_RETRY,not_recovered,0
pay_SYN_0436,10000,INR,card,3,BANK_TIMEOUT,10000,2,unknown,0.68,HUMAN_REVIEW,not_recovered,0
pay_SYN_0103,25000,INR,wallet,1,CUSTOMER_ACTION_REQUIRED,25000,0,average,0.12,CUSTOMER_ACTION,not_recovered,0
